playername;position;highschool;state;metrics;score;natrank;posrank;sttrank;college
"Keivin Boone-Nelson";ATH;"Inderkum (Sacramento, CA)";CA;"5-11 / 160";80;NA;208;299;
"Riley Williams";TE;"IMG Academy (Bradenton, FL)";FL;"6-6 / 240";94;85;4;19;Miami
"Jackson Brousseau";QB;"Lehi (Lehi, UT)";UT;"6-5 / 215";83;NA;85;23;"Colorado State"
"Micah Mays";ATH;"The Benjamin School (North Palm Beach, FL)";FL;"6-2 / 175";89;NA;35;76;"Wake Forest"
"River Lien";QB;"Glacier Peak (Snohomish, WA)";WA;"6-0 / 197";77;NA;164;78;
"Deegan Martinho";RB;"Eagle (Eagle, ID)";ID;"6-0 / 190";78;NA;154;21;
"Chase Hendricks";WR;"St. Mary's (Saint Louis, MO)";MO;"5-11 / 185";87;NA;89;19;
"Vicari Swain";ATH;"Central (Carrollton, GA)";GA;"6-0 / 175";87;NA;54;56;"South Carolina"
"Caron Tyler";QB;"Chaparral (Temecula, CA)";CA;"5-11 / 180";81;NA;114;277;
"Brett Norfleet";TE;"Francis Howell (Saint Charles, MO)";MO;"6-7 / 220";90;NA;15;9;Missouri
"Shamar Easter";TE;"Ashdown (Ashdown, AR)";AR;"6-5 / 225";92;150;11;1;Arkansas
"Marquise Collins";RB;"College Station (College Station, TX)";TX;"5-10 / 190";86;NA;51;145;Duke
"Walter Samuel";RB;"East Ascension (Gonzales, LA)";LA;"6-0 / 200";85;NA;69;35;Tulane
"Zion Agnew";ATH;"Ridge View (Columbia, SC)";SC;"5-11 / 165";85;NA;120;25;"East Carolina"
"Dru DeShields";QB;"West Branch (Beloit, OH)";OH;"6-3 / 180";76;NA;177;111;"Eastern Illinois"
"Tyrone West";WR;"Humble (Humble, TX)";TX;"6-1 / 190";88;NA;63;76;"Texas Tech"
"Tray Tolliver";WR;"Columbia (Lake City, FL)";FL;"5-9 / 170";85;NA;193;177;
"Joseph Capra";ATH;"Denver South (Denver, CO)";CO;"6-1 / 170";78;NA;241;19;
"Allen Mitchell";RB;"Lutheran Of St Charles County (Saint Louis, MO)";MO;"5-10 / 185";86;NA;54;23;
"Tamarcus Cooley";WR;"Rolesville (Rolesville, NC)";NC;"6-0 / 195";87;NA;107;24;"NC State"
"Braylen Ragland";QB;"Bartlett (Memphis, TN)";TN;"6-0 / 195";87;NA;36;21;"Georgia State"
"Jamell James";RB;"Fitch (Youngstown, OH)";OH;"5-10 / 215";78;NA;158;102;
"Kelby Valsin";WR;"Bowie (Arlington, TX)";TX;"6-1 / 180";86;NA;151;176;"Texas Tech"
"Myles Libman";WR;"Pinnacle (Phoenix, AZ)";AZ;"6-1 / 185";85;NA;171;18;
"Jeremiah Cobb";RB;"Montgomery Catholic Preparatory (Montgomery, AL)";AL;"5-11 / 185";91;206;6;15;Auburn
"Cruz Estrada";ATH;"Mater Dei Catholic (Chula Vista, CA)";CA;"6-0 / 190";81;NA;196;264;
"Spencer Shannon";TE;"Mater Dei (Santa Ana, CA)";CA;"6-7 / 240";88;NA;23;39;Texas
"Vincent Drolet";WR;"Choate Rosemary Hall (Wallingford, CT)";CT;"6-5 / 220";84;NA;234;8;Duke
"Andrew Rappleyea";TE;"Milton Academy (Milton, MA)";MA;"6-5 / 225";88;NA;27;6;"Penn State"
"Anthony Miller Jr.";TE;"Duluth (Duluth, GA)";GA;"6-5 / 235";86;NA;53;99;
"Jamison Patton";ATH;"Ankeny (Des Moines, IA)";IA;"6-2 / 190";88;NA;48;5;"Iowa State"
"Adarius Redmond";WR;"Powell (Powell, TN)";TN;"6-1 / 185";90;NA;35;7;
"Jack Jacobs";QB;"St. Francis (La Canada Flintridge, CA)";CA;"6-6 / 205";83;NA;91;203;
"Que'Sean Brown";WR;"East Forsyth (Kernersville, NC)";NC;"5-8 / 150";85;NA;180;31;Duke
"Jace Villers";ATH;"Auburn Riverside (Auburn, WA)";WA;"6-3 / 195";81;NA;202;44;
"Justin Taylor";ATH;"Nazareth Academy (La Grange Park, IL)";IL;"6-1 / 185";85;NA;121;30;Wisconsin
"Desirrio Riles";ATH;"University Christian (Jacksonville, FL)";FL;"6-3 / 225";86;NA;93;123;
"Zach Johnson";TE;"Lake City (Coeur D Alene, ID)";ID;"6-3 / 205";84;NA;69;7;
"Brayson Hubbard";ATH;"Ocean Springs (Ocean Springs, MS)";MS;"6-2 / 190";87;NA;81;9;Alabama
"CJ Davis";ATH;"Bishop Dwenger (Fort Wayne, IN)";IN;"6-0 / 175";82;NA;179;23;Marshall
"Tymir Wynn";ATH;"KIPP Columbus (Columbus, OH)";OH;"5-11 / 165";82;NA;182;68;
"Xavier Rice";QB;"Loyola (Los Angeles, CA)";CA;"6-3 / 185";85;NA;58;133;
"Zach Lutmer";ATH;"Central Lyon (Rock Rapids, IA)";IA;"6-1 / 190";85;NA;114;13;Iowa
"Aidan Hall";ATH;"Harlan Community (Harlan, IA)";IA;"6-1 / 200";85;NA;122;15;Iowa
"Vilay Nakkoun";ATH;"Orlando Christian Prep (Orlando, FL)";FL;"5-11 / 175";84;NA;160;227;Rutgers
"Shatavious Hogan";WR;"Miami Jackson (Miami, FL)";FL;"6-3 / 205";85;NA;197;196;"Central Michigan"
"Apollos Cook";WR;"Airport (West Columbia, SC)";SC;"6-2 / 200";85;NA;173;22;Duke
"Dylan Gutierrez";QB;"Damien (La Verne, CA)";CA;"5-11 / 190";80;NA;122;297;
"Romeo Clark";RB;"Warren (Downey, CA)";CA;"5-11 / 210";84;NA;94;182;
"Jurrion Dickey";WR;"Menlo-Atherton (East Palo Alto, CA)";CA;"6-3 / 210";98;14;2;4;Oregon
"Brendan Anderson";QB;"Mountain Ridge (Glendale, AZ)";AZ;"6-1 / 180";82;NA;105;38;
"Kadin Semonza";QB;"Mission Viejo (Mission Viejo, CA)";CA;"6-0.5 / 190";86;NA;50;103;"Ball State"
"Shelton Sampson Jr.";WR;"Catholic (Baton Rouge, LA)";LA;"6-4 / 181";93;91;13;4;LSU
"Ty Dieffenbach";QB;"Agoura (Agoura Hills, CA)";CA;"6-5 / 190";83;NA;87;199;UNLV
"Paul Kessler";QB;"Venice (Los Angeles, CA)";CA;"6-5 / 215";80;NA;134;324;
"Jake Foye";RB;"Santa Margarita Catholic (Rancho Santa Margarita, CA)";CA;"5-10 / 195";80;NA;139;298;
"Layton Duncan";WR;"Brophy College Preparatory (Phoenix, AZ)";AZ;"6-1 / 185";83;NA;244;30;
"AJ Newberry";RB;"South Grand Prairie (Grand Prairie, TX)";TX;"6-0 / 200";86;NA;56;159;Colorado
"Trevor Duncan";ATH;"Knoxville Catholic (Knoxville, TN)";TN;"6-5.5 / 277";88;NA;51;18;Tennessee
"Tony Martin";ATH;"Miramar (Hollywood, FL)";FL;"5-10 / 175";80;NA;221;290;Marshall
"Malachi Coleman";ATH;"Lincoln East (Lincoln, NE)";NE;"6-5 / 205";94;76;4;1;
"Cameron Cook";RB;"Stony Point (Round Rock, TX)";TX;"5-10 / 180";90;NA;15;50;TCU
"Jack Parker";TE;"Loyola Academy (Wilmette, IL)";IL;"6-5 / 230";79;NA;106;61;"Western Michigan"
"Marcus Ramon-Edwards";ATH;"Trinity Christian School (Lubbock, TX)";TX;"6-3 / 200";86;NA;84;149;"Texas Tech"
"Jackson McGohan";TE;"Miamisburg (Miamisburg, OH)";OH;"6-4 / 208";87;NA;36;19;Cincinnati
"Kenny Minchey";QB;"Pope John Paul II (Hendersonville, TN)";TN;"6-1.5 / 207";90;NA;16;5;Pittsburgh
"Will Anciaux";TE;"Kapaun Mt Carmel Catholic (Wichita, KS)";KS;"6-6 / 220";86;NA;46;9;"Kansas State"
"Rickie Collins";QB;"Woodlawn (Baton Rouge, LA)";LA;"6-2 / 190";92;178;13;7;LSU
"Briggs Bartosh";ATH;"Park Hill South (Riverside, MO)";MO;"5-10 / 180";81;NA;204;39;
"Demarion Crest-Daniels";WR;"Parkland (El Paso, TX)";TX;"6-3 / 185";87;NA;99;122;"Texas Tech"
"Peter Clarke";TE;"NFL Academy (London, EN)";EN;"6-6 / 248";86;NA;52;1;Temple
"Aidan Fortenberry";RB;"Clovis West (Fresno, CA)";CA;"6-0 / 205";78;NA;157;384;
"Scottre Humphrey";RB;"Rainier Beach (Seattle, WA)";WA;"5-11 / 210";81;NA;131;38;
"Qu'Ran Gossett";RB;"Bishop Garcia Diego (Santa Barbara, CA)";CA;"6-0 / 210";81;NA;129;268;
"Jevell Fugerson";WR;"Lee County (Leesburg, GA)";GA;"6-1 / 182";86;NA;153;94;
"Erik McCarty";ATH;"McAlester (Mcalester, OK)";OK;"6-2 / 180";87;NA;60;6;Oklahoma
"Mateo Poso";ATH;"Branham (San Jose, CA)";CA;"6-1 / 224";83;NA;166;196;
"Rohan Fluellen";ATH;"Gilmer (Gilmer, TX)";TX;"6-0 / 170";88;NA;43;80;TCU
"Jaxson Lavender";WR;"Lovejoy (Lucas, TX)";TX;"5-9 / 160";86;NA;136;164;SMU
"Santana Fleming";WR;"Western (Fort Lauderdale, FL)";FL;"5-10 / 160";86;NA;137;127;
"Devin Scura";TE;"Manor (Manor, TX)";TX;"6-4 / 240";79;NA;111;263;UTSA
"Chase Jenkins";QB;"Alief Taylor (Houston, TX)";TX;"6-0 / 185";83;NA;95;247;Rice
"Ardell Banks";WR;"Washington (Massillon, OH)";OH;"6-4 / 180";87;NA;94;26;Toledo
"Pierce Clarkson";QB;"St. John Bosco (Bellflower, CA)";CA;"6-0 / 190";90;NA;17;21;Louisville
"Janerious Jackson";RB;"Pebblebrook (Mableton, GA)";GA;"6-0 / 210";82;NA;123;160;"Miami (OH)"
"Luke Rucker";QB;"Seminole (Sanford, FL)";FL;"6-2 / 190";81;NA;111;276;"Florida Atlantic"
"Bridger Davies";TE;"Corner Canyon (Draper, UT)";UT;"6-4 / 215";80;NA;102;35;
"Brandon Inniss";WR;"American Heritage (Fort Lauderdale, FL)";FL;"6-0 / 190";97;19;3;4;"Ohio State"
"Kyler Ronquillo";ATH;"Yelm (Yelm, WA)";WA;"5-10 / 175";82;NA;189;36;"Portland State"
"Jerry Kaminski";QB;"Sun Prairie (Sun Prairie, WI)";WI;"6-2 / 190";76;NA;175;13;
"Mahki Rolle";ATH;"North Miami Beach Senior (Miami, FL)";FL;"6-2 / 190";84;NA;161;228;"Northern Illinois"
"Carmelo Taylor";WR;"Patrick Henry (Roanoke, VA)";VA;"5-11 / 160";89;NA;48;7;"Penn State"
"Yazeed Haynes";WR;"North Penn (Fort Washington, PA)";PA;"6-1 / 170";88;NA;75;10;Georgia
"Rodney Gallagher";WR;"Laurel Highlands (Uniontown, PA)";PA;"5-10 / 160";92;153;18;3;"West Virginia"
"Angus Hubbard";QB;"Capital (Olympia, WA)";WA;"6-6 / 215";77;NA;165;100;
"Tennel Bryant";WR;"Archbishop Moeller (Cincinnati, OH)";OH;"5-10 / 162";86;NA;138;32;
"Darian Mensah";QB;"St Joseph (San Luis Obispo, CA)";CA;"6-3 / 215";78;NA;154;365;
"Israel Carter";QB;"Centennial (Corona, CA)";CA;"6-1 / 180";86;NA;51;105;"Arizona State"
"Ty Lockwood";TE;"Independence (Thompson's Station, TN)";TN;"6-5 / 225";93;136;9;2;Alabama
"Antwaan Mays";WR;"Gulliver Prep (Miami, FL)";FL;"6-1 / 180";84;NA;209;205;
"Marcell Baylor";WR;"Radford (Radford, VA)";VA;"6-3 / 195";86;NA;141;30;"Virginia Tech"
"Elijah Davis";RB;"Riverside Academy (Reserve, LA)";LA;"5-9 / 215";86;NA;55;31;Louisiana
"Kahi Graham";QB;"St. Louis (Honolulu, HI)";HI;"6-0 / 190";80;NA;125;19;
"Jelani McDonald";ATH;"Connally (Waco, TX)";TX;"6-2 / 190";91;202;17;34;"Oklahoma State"
"Carter Shaw";ATH;"Sacred Heart Prep (Atherton, CA)";CA;"6-2 / 180";82;NA;177;221;
"George Burhenn";TE;"Mt Vernon (Mount Vernon, IN)";IN;"6-5 / 205";88;NA;29;8;Purdue
"Zachariah Branch";WR;"Bishop Gorman (Las Vegas, NV)";NV;"5-10 / 172";98;10;1;1;USC
"Montravius Lloyd";ATH;"Lakewood (Saint Petersburg, FL)";FL;"6-0 / 205";86;NA;106;145;Pittsburgh
"Andy Jean";WR;"Northwestern (Miami, FL)";FL;"6-1 / 180";88;NA;70;85;Florida
"Santino Acevedo";ATH;"Cardinal Newman (Santa Rosa, CA)";CA;"6-0 / 190";81;NA;199;271;
"Carson Black";QB;"Nation Ford (Fort Mill, SC)";SC;"6-2 / 186";86;NA;54;17;Memphis
"Jaxon Potter";QB;"Santa Margarita Catholic (Rancho Santa Margarita, CA)";CA;"6-4 / 180";86;NA;49;100;UAB
"Ronan Hanafin";ATH;"Buckingham Browne & Nichols School (Cambridge, MA)";MA;"6-3 / 210";92;166;13;4;Clemson
"Austin Novosad";QB;"Dripping Springs (Dripping Springs, TX)";TX;"6-3 / 185";94;89;8;17;Baylor
"Braden Awls";ATH;"Central Catholic (Toledo, OH)";OH;"6-0 / 180";84;NA;152;45;Toledo
"Marcus Stokes";QB;"Nease (Ponte Vedra Beach, FL)";FL;"6-1.5 / 190";92;154;12;31;Florida
"Connor Walendzak";RB;"Perrysburg (Perrysburg, OH)";OH;"5-11 / 195";83;NA;107;60;Toledo
"Mekhi Jenkins";RB;"Royal Oak (Royal Oak, MI)";MI;"5-9 / 185";77;NA;168;61;"Central Michigan"
"Ahmari Borden";WR;"Robert F Munroe Day School (Quincy, FL)";FL;"6-3 / 180";88;NA;60;80;Stanford
"Isiah Kendall";WR;"Newport (Newport, AR)";AR;"6-4 / 175";88;NA;56;3;"Jackson State"
"Pokaiaua Haunga";ATH;"Timpview (Provo, UT)";UT;"5-11 / 200";87;NA;62;7;BYU
"Montrell Wade";WR;"Tyler High (Tyler, TX)";TX;"6-0.5 / 182";87;NA;115;124;"Boston College"
"Jaiden Pickett";ATH;"Riverside (Milwaukee, WI)";WI;"6-3 / 190";79;NA;235;11;"North Dakota State"
"Justin Marshall";WR;"Merrillville (Merrillville, IN)";IN;"5-11 / 175";87;NA;83;9;"Colorado State"
"Beni Ngoyi";WR;"Lincoln (Lincoln, NE)";NE;"6-4 / 180";88;NA;69;5;"Iowa State"
"DeAndre Buchannon";WR;"Carver (Atlanta, GA)";GA;"5-10 / 160";85;NA;200;129;"Georgia Southern"
"Kavaughn Clark";RB;"Centennial (Peoria, AZ)";AZ;"5-8 / 180";81;NA;125;39;
"Mateo Flores";RB;"Argonaut (Jackson, CA)";CA;"5-8 / 155";77;NA;170;441;
"Jambres Dubar";RB;"Anna (Anna, TX)";TX;"6-0 / 190";88;NA;27;81;"Boise State"
"Taeshaun Lyons";WR;"Tennyson (Hayward, CA)";CA;"6-2 / 170";89;NA;52;33;
"Nic Strong";RB;"Randolph School (Huntsville, AL)";AL;"5-10 / 175";79;NA;147;66;
"Cooper Flanagan";TE;"De La Salle (Concord, CA)";CA;"6-5 / 228";93;123;8;10;"Notre Dame"
"Nehuel Garcia";QB;"La Mirada (La Mirada, CA)";CA;"6-3 / 185";79;NA;142;346;
"Richie Munoz";QB;"Bishop Amat (La Puente, CA)";CA;"6-0 / 195";84;NA;71;161;
"Colbey Lamberth";QB;"Dickson County (Dickson, TN)";TN;"6-3 / 211";85;NA;66;39;"Eastern Kentucky"
"A.D. Norton";ATH;"Stebbins (Dayton, OH)";OH;"6-0 / 195";80;NA;216;82;Akron
"Carson Hansen";ATH;"Lakeville South (Lakeville, MN)";MN;"6-1 / 190";85;NA;118;6;"Iowa State"
"Joseph Walker Jr.";WR;"Warren Central (Indianapolis, IN)";IN;"6-4 / 200";84;NA;219;19;"Western Michigan"
"Sam Van Dyne";QB;"Liberty North (Liberty, MO)";MO;"6-3 / 205";84;NA;74;27;
"Lonnie Johnson";WR;"Timber Creek (Keller, TX)";TX;"6-3 / 205";85;NA;168;204;SMU
"Javance Tupouata-Johnson";QB;"Chaminade (West Hills, CA)";CA;"6-4 / 200";87;NA;32;79;"San Diego State"
"Elija Walton";ATH;"North Marion (Citra, FL)";FL;"6-4 / 210";85;NA;141;194;"Georgia Southern"
"Devon Rivers";RB;"Heritage (Brentwood, CA)";CA;"5-7 / 170";85;NA;74;134;"Fresno State"
"Brady Drogosh";QB;"De La Salle Collegiate (Warren, MI)";MI;"6-4 / 200";87;NA;29;12;Cincinnati
"Tre Wisner";RB;"DeSoto (DeSoto, TX)";TX;"5-11 / 180";89;NA;23;59;Texas
"RJ Johnson";ATH;"Eagles Landing Christian Academy (McDonough, GA)";GA;"6-2 / 180";87;NA;69;60;Arkansas
"Connor Cox";TE;"The Bolles School (Jacksonville, FL)";FL;"6-5 / 220";85;NA;65;178;"South Carolina"
"Javien Brownlee";WR;"Northmont (Clayton, OH)";OH;"5-10 / 170";86;NA;140;33;"Kent State"
"Jesse Miller";TE;"Greene County (Jefferson, IA)";IA;"6-6 / 215";78;NA;120;28;"South Dakota"
"Jermaine Mathews";ATH;"Winton Woods (Cincinnati, OH)";OH;"6-0 / 175";89;NA;34;10;"Ohio State"
"Jacob Jones";QB;"West Jessamine (Lexington, KY)";KY;"6-2 / 200";82;NA;96;14;
"Elijah Rogers";ATH;"Oak Ridge (Oak Ridge, TN)";TN;"6-1 / 190";83;NA;168;55;Campbell
"Dakota Williams";WR;"Hahnville (Boutte, LA)";LA;"6-2 / 200";83;NA;243;46;Tulane
"Marquis Roby Jr.";QB;"Desert Pines (Las Vegas, NV)";NV;"6-1 / 190";83;NA;82;17;
"Christian Abney";QB;"Zionsville (Zionsville, IN)";IN;"6-5 / 215";76;NA;179;47;"Ball State"
"Tyler Jefferson";ATH;"Columbia (Lake City, FL)";FL;"6-1 / 235";85;NA;135;185;"Central Michigan"
"Hayden Garrison";QB;"Chelsea (Chelsea, AL)";AL;"6-5 / 180";80;NA;124;63;
"Hilton Alexander II";WR;"Douglas County (Douglasville, GA)";GA;"5-11 / 160";87;NA;109;71;"Wake Forest"
"Khalifa Keith";RB;"Parker (Birmingham, AL)";AL;"6-2 / 217";83;NA;113;56;Kentucky
"Cole Adams";WR;"Owasso (Owasso, OK)";OK;"5-10 / 180";89;NA;51;5;Alabama
"Kresean Kizzy";ATH;"Liberty (Bakersfield, CA)";CA;"5-10 / 165";80;NA;220;342;
"Mason Williams";TE;"Mogadore (Mogadore, OH)";OH;"6-4 / 235";84;NA;71;49;Ohio
"Dan Smith";WR;"Provine (Jackson, MS)";MS;"5-10.5 / 179";84;NA;208;28;
"Dawson Wahl";QB;"Mountain View (Meridian, ID)";ID;"6-3 / 190";78;NA;151;19;
"Kanye Clark";WR;"Capital Christian (Sacramento, CA)";CA;"5-11 / 165";84;NA;228;175;
"Delanie Majors";WR;"Overton (Nashville, TN)";TN;"5-9 / 170";84;NA;224;46;
"Thomas Howard";ATH;"Frederick Douglass (Lexington, KY)";KY;"6-3 / 205";84;NA;146;12;
"Gabe Downing";QB;"Olympia (Olympia, WA)";WA;"6-0 / 183";78;NA;153;58;"Portland State"
"Austin Gonzalez";QB;"Lovejoy (Lucas, TX)";TX;"5-10 / 170";76;NA;181;265;"Southern Miss"
"Soren Erickson";TE;"St Charles North (Saint Charles, IL)";IL;"6-4 / 238";75;NA;130;86;
"Pearce Spurlin";TE;"South Walton (Santa Rosa Beach, FL)";FL;"6-6 / 220";94;68;2;18;Georgia
"Cody Mikulich";RB;"Bloomington North (Bloomington, IN)";IN;"5-11 / 185";77;NA;167;43;
"Spencer Lyons";ATH;"Catholic Central (Novi, MI)";MI;"6-2 / 215";79;NA;232;48;
"Jack Wagner";QB;"Tualatin (Tualatin, OR)";OR;"6-3 / 180";83;NA;84;10;Idaho
"Brady Probst";TE;"Brownsburg (Brownsburg, IN)";IN;"6-4 / 235";78;NA;115;36;"Illinois State"
"Robert Long";QB;"St. Peters Prep (Fairfield, CT)";CT;"5-11 / 200";84;NA;70;27;Maryland
"Nico Mosley";RB;"Mater Dei Catholic (Chula Vista, CA)";CA;"5-8 / 175";80;NA;143;308;
"Tastean Reddicks";WR;"Dillard (Fort Lauderdale, FL)";FL;"6-1 / 180";86;NA;161;153;"Oregon State"
"Deion Brown";RB;"Kirkwood (Saint Louis, MO)";MO;"5-8 / 155";82;NA;118;36;"Eastern Michigan"
"Noble Johnson";WR;"Rockwall (Rockwall, TX)";TX;"6-2 / 205";88;NA;72;84;Clemson
"Tyler Little";TE;"Galena (Galena, KS)";KS;"6-4 / 240";84;NA;70;13;
"Javin Simpkins";RB;"Norland (Miami, FL)";FL;"5-9 / 183";89;NA;22;68;"Georgia Tech"
"Jaelon Barbarin";ATH;"Chaminade (Simi Valley, CA)";CA;"5-9 / 180";84;NA;158;176;
"Onterrio Smith Jr.";ATH;"Folsom (Folsom, CA)";CA;"6-2 / 175";86;NA;83;98;
"Davin Garinger";QB;"Clarksville (Clarksville, TN)";TN;"6-1 / 175";80;NA;131;67;
"Rory Callahan";TE;"Huron (New Boston, MI)";MI;"6-4 / 225";78;NA;122;57;"Central Michigan"
"Paul Billups";WR;"Western Branch (Chesapeake, VA)";VA;"6-2 / 185";86;NA;118;21;"North Carolina"
"Jahlil McClain";ATH;"St. John Bosco (Bellflower, CA)";CA;"5-10 / 180";90;NA;25;25;Louisville
"Semaj Morgan";WR;"West Bloomfield (West Bloomfield, MI)";MI;"5-10 / 175";88;NA;61;9;Michigan
"London Humphreys";WR;"CPA (Nashville, TN)";TN;"6-2 / 195";88;NA;73;17;Vanderbilt
"Jamarion Wilcox";RB;"South Paulding (Douglasville, GA)";GA;"5-9 / 195";85;NA;78;114;
"Nathan Stewart";WR;"St. Vincent Pallotti (Laurel, MD)";MD;"6-5 / 190";85;NA;178;20;Temple
"Kyson Brown";RB;"Lancaster (Lancaster, TX)";TX;"5-10 / 195";86;NA;68;188;
"Camron Heard";WR;"Furr (Houston, TX)";TX;"5-11 / 165";88;NA;54;66;"Oklahoma State"
"James Falk";TE;"Haverford School (Haverford, PA)";PA;"6-6 / 235";80;NA;99;32;Rice
"Damian Henderson";ATH;"Los Alamitos (Los Alamitos, CA)";CA;"6-3 / 185";84;NA;159;180;"Colorado State"
"LaNorris Sellers";QB;"South Florence (Florence, SC)";SC;"6-2.5 / 217";86;NA;46;16;Syracuse
"Dylan Van";RB;"Christian Brothers College (Saint Louis, MO)";MO;"6-0 / -";79;NA;150;46;
"R.J. Mukes III";ATH;"Wayne (Dayton, OH)";OH;"5-11 / 170";80;NA;218;83;"Ball State"
"Kade Eldridge";ATH;"Lynden Christian School (Lynden, WA)";WA;"6-4.5 / 235";88;NA;39;10;USC
"Kelton Henderson";ATH;"Lehigh Senior (Lehigh Acres, FL)";FL;"5-11 / 175";89;NA;33;72;"South Carolina"
"Christian Ross";ATH;"Dale County (Midland City, AL)";AL;"6-4 / 215";85;NA;132;44;Memphis
"Adam Hopkins";WR;"Thomas County Central (Thomasville, GA)";GA;"6-0 / 170";90;NA;31;25;
"Brennan Wooten";TE;"Cathedral (Indianapolis, IN)";IN;"6-4 / 225";85;NA;60;17;"Western Michigan"
"Deric English";WR;"Saguaro (Scottsdale, AZ)";AZ;"6-4 / 210";90;NA;36;8;
"Andrew Harren";TE;"Sauk Rapids-rice Senior (Sauk Rapids, MN)";MN;"6-5 / 200";78;NA;119;25;
"Kenneth Jones";RB;"West Bloomfield (West Bloomfield, MI)";MI;"5-10 / 190";79;NA;151;52;"Grand Valley State"
"Nolan Ray";RB;"Brother Rice (Bloomfield Hills, MI)";MI;"6-0 / 195";86;NA;61;16;Maryland
"Kasen Weisman";QB;"South Paulding (Douglasville, GA)";GA;"6-2 / 180";85;NA;65;117;Kansas
"Cam Smith";ATH;"Fitch (Youngstown, OH)";OH;"5-11 / 185";85;NA;129;41;"Iowa State"
"Vic Sutton";QB;"Madison Central (Madison, MS)";MS;"6-3 / 200";85;NA;64;22;"Louisiana Tech"
"Brady McKelheer";QB;"Eastside Catholic (Sammamish, WA)";WA;"6-0 / 170";77;NA;163;77;
"Max Carroll";ATH;"Briarcrest Christian (Memphis, TN)";TN;"6-3 / 205";88;NA;45;16;TCU
"Logan Minton";TE;"Lafayette (Ballwin, MO)";MO;"6-7 / 210";78;NA;117;51;"Southern Illinois"
"Tre Richardson";ATH;"Highland Park (Topeka, KS)";KS;"5-10 / 165";85;NA;131;12;
"Eugene Wilson III";ATH;"Gaither (Tampa, FL)";FL;"5-11 / 165";92;183;15;41;Florida
"Noah Vaughn";RB;"Maryville (Maryville, TN)";TN;"5-9 / 185";83;NA;112;60;Virginia
"Dylan Lonergan";QB;"Brookwood (Snellville, GA)";GA;"6-2 / 215";93;113;11;11;Alabama
"Malachi Nelson";QB;"Los Alamitos (Los Alamitos, CA)";CA;"6-3 / 182";98;5;4;2;USC
"Drew Pickett";RB;"Russell County (Deatsville, AL)";AL;"5-10 / 185";86;NA;59;36;"Wake Forest"
"Lamar Patterson";WR;"St. Frances Academy (Baltimore, MD)";MD;"5-9 / 171";85;NA;187;23;
"Earl Woods";QB;"Hueytown (Birmingham, AL)";AL;"5-11 / 185";80;NA;136;65;
"Aiden Ramos";RB;"Bishop Amat (La Puente, CA)";CA;"5-10 / 210";81;NA;126;255;
"Elijah Caldwell";WR;"Northwestern (Rock Hill, SC)";SC;"6-1 / 190";85;NA;196;27;"West Virginia"
"Jaden Hamm";TE;"Eudora (Eudora, KS)";KS;"6-7 / 235";90;NA;19;5;Arkansas
"Caleb Sanchez";QB;"St. John Bosco (Bellflower, CA)";CA;"6-3 / 220";80;NA;128;309;
"Tyler Garrett";TE;"Mission College Preparatory Catholic (San Luis Obispo, CA)";CA;"6-5 / 190";77;NA;125;415;
"Reid Mikeska";TE;"Bridgeland (Cypress, TX)";TX;"6-5.5 / 233";86;NA;42;140;Miami
"Creed Whittemore";ATH;"F. W. Buchholz (Gainesville, FL)";FL;"5-11.5 / 175";92;161;12;33;Florida
"Jake Hill";ATH;"Snow Canyon (Saint George, UT)";UT;"6-3 / 195";79;NA;236;37;
"Samuel Gamino";RB;"Rigby (Rigby, ID)";ID;"5-10 / 195";72;NA;179;59;
"Karaaz Johnson";WR;"St. Augustine (New Orleans, LA)";LA;"5-8 / 150";84;NA;226;45;
"Chico Holt";TE;"Strake Jesuit (Houston, TX)";TX;"6-5 / 220";86;NA;49;181;Northwestern
"MarâKai Shaw";RB;"Adelanto (Adelanto, CA)";CA;"6-0 / 215";84;NA;90;165;
"Cedric Anton";TE;"Rabun Gap-Nacoochee School (Rabun Gap, GA)";GA;"6-2.5 / 243";81;NA;91;165;"Eastern Michigan"
"Christian Hamilton";WR;"Hickory Ridge (Harrisburg, NC)";NC;"6-0 / 175";90;NA;34;11;"North Carolina"
"Nathan Guinn";TE;"Vero Beach (Vero Beach, FL)";FL;"6-5 / 220";83;NA;81;240;Illinois
"Dante Moore";QB;"Martin Luther King (Detroit, MI)";MI;"6-2.5 / 210";98;2;2;1;Oregon
"Ethan Fullerton";ATH;"Notre Dame (Sherman Oaks, CA)";CA;"5-10 / 160";79;NA;240;356;
"Za'Ron Collins";WR;"Monsignor Pace (Opa Locka, FL)";FL;"6-2.5 / 165";84;NA;210;206;
"Brady Weingart";QB;"Redwood (Larkspur, CA)";CA;"6-2 / 195";76;NA;174;454;
"Kyon Calhoun";WR;"Cocoa (Cocoa, FL)";FL;"6-5 / 183";86;NA;158;149;
"Malachi Riley";WR;"Centennial (Corona, CA)";CA;"6-2 / 178";88;NA;68;50;
"Justin Williams";ATH;"Aldine MacArthur (Houston, TX)";TX;"6-3 / 180";82;NA;176;249;
"Jake Stearney";QB;"Loyola Academy (Wilmette, IL)";IL;"6-3 / 180";78;NA;149;70;Colgate
"Mark Hamper";ATH;"West Linn (West Linn, OR)";OR;"6-2 / 200";83;NA;165;11;
"Max Drag";TE;"Chapin (Chapin, SC)";SC;"6-4 / 230";80;NA;103;34;"Appalachian State"
"Roderick Robinson II";RB;"Lincoln (San Diego, CA)";CA;"6-1 / 230";90;NA;18;22;UCLA
"Joey Stout";RB;"John H. Pitman (Turlock, CA)";CA;"5-10 / 165";76;NA;172;460;
"Jackson Olsen";WR;"Ridgeline (MILLVILLE, UT)";UT;"6-3 / 175";83;NA;239;25;"Utah State"
"Thomas Williams";ATH;"Powdersville (Greenville, SC)";SC;"5-10 / 180";87;NA;71;11;"Virginia Tech"
"Charmar Brown";RB;"Creighton Preparatory School (Omaha, NE)";NE;"6-0 / 200";78;NA;159;13;"North Dakota State"
"Ben Dutton";ATH;"King's Schools (Seattle, WA)";WA;"6-4 / 230";78;NA;247;57;
"Jeremiah Shack";WR;"Mandarin (Jacksonville, FL)";FL;"6-3 / 191";86;NA;129;122;Liberty
"Conner Noah";ATH;"Kelso (Kelso, WA)";WA;"5-11 / 198";81;NA;200;37;Nevada
"Collin Hurst";QB;"Western (Fort Lauderdale, FL)";FL;"5-10 / 160";79;NA;147;293;
"Kristian Ingman";TE;"Bishop Manogue (Reno, NV)";NV;"6-5 / 235";81;NA;92;21;
"Eddie Combs";WR;"Rockledge (ROCKLEDGE, FL)";FL;"5-11 / 165";86;NA;127;121;
"Rickey Hunt Jr.";RB;"Millwood (Oklahoma City, OK)";OK;"5-10 / 180";86;NA;63;12;
"Cayden Lee";WR;"Kennesaw Mountain (Kennesaw, GA)";GA;"5-11 / 175";88;NA;74;49;
"Jaiden Acker";TE;"Kenowa Hills (Grand Rapids, MI)";MI;"6-4 / 215";78;NA;116;56;
"Kayden Davis";RB;"Alliance (Alliance, OH)";OH;"6-1 / 205";81;NA;127;74;"Youngstown State"
"KC Spears";ATH;"Winton Woods (Cincinnati, OH)";OH;"5-10 / 190";79;NA;229;92;
"Drew Viotto";QB;"Walled Lake Western (Walled Lake, MI)";MI;"6-4 / 215";85;NA;62;20;Minnesota
"DeAndre Moore Jr.";WR;"St. John Bosco (Bellflower, CA)";CA;"6-0 / 185";94;66;11;7;Louisville
"Darrell Sweeting";ATH;"The Benjamin School (North Palm Beach, FL)";FL;"5-10 / 175";85;NA;140;193;Charlotte
"Jeremiah Calvin";ATH;"John Muir (Pasadena, CA)";CA;"6-3 / 240";87;NA;59;78;
"Justin Brown";WR;"Blackman (Murfreesboro, TN)";TN;"6-0 / 183";88;NA;59;12;"Mississippi State"
"Jayvontay Conner";TE;"East Forsyth (Kernersville, NC)";NC;"6-4 / 230";85;NA;63;33;"Ole Miss"
"Rasean Randall";ATH;"Cass Technical (Detroit, MI)";MI;"6-4 / 210";79;NA;238;53;"Northern Illinois"
"Major Givens";RB;"Steele Canyon (Spring Valley, CA)";CA;"5-9 / 180";84;NA;89;158;"Montana State"
"Braedyn Moore";ATH;"Stephen T Badin (Hamilton, OH)";OH;"6-1.5 / 190";90;NA;28;8;Cincinnati
"Kamrean Johnson";WR;"Theodore (Theodore, AL)";AL;"6-5 / 215";85;NA;198;49;Vanderbilt
"Anthony Evans";WR;"Judson (Converse, TX)";TX;"5-10.5 / 160";88;NA;58;70;Oklahoma
"Orlando Greenlow";WR;"Lawndale (Lawndale, CA)";CA;"6-5 / 210";84;NA;214;162;
"Daylan Smothers";RB;"West Charlotte (Charlotte, NC)";NC;"5-11 / 182";88;NA;30;15;Oklahoma
"Nakai Poole";WR;"Norcross (Norcross, GA)";GA;"6-3 / 205";87;NA;81;57;"Mississippi State"
"Brooks Bentley";QB;"Venice (Venice, FL)";FL;"6-3.5 / 186";80;NA;127;289;
"Tre' Hartwell";RB;"Independence (Thompson's Station, TN)";TN;"5-11.5 / 219";83;NA;100;53;
"Kamron Sandlin";ATH;"Anniston (Anniston, AL)";AL;"6-2 / 215";85;NA;137;46;"South Carolina"
"Duran Parish";WR;"Biloxi (Biloxi, MS)";MS;"5-11.5 / 169";85;NA;194;24;Vanderbilt
"Krystian Williams";WR;"Collegiate School (Richmond, VA)";VA;"6-2 / 170";87;NA;80;14;"Virginia Tech"
"Carson Dunn";RB;"Fishers (Fishers, IN)";IN;"5-10 / 185";77;NA;166;42;
"Angelo Stockstill";ATH;"Simeon (Chicago, IL)";IL;"6-4 / 175";79;NA;223;56;"Western Michigan"
"Bryson Washington";ATH;"Franklin (Franklin, TX)";TX;"5-11 / 197";87;NA;55;92;Baylor
"Henry Masters";TE;"Tigard (Portland, OR)";OR;"6-3 / 195";77;NA;124;41;
"John-Keawe Sagapolutele";QB;"Punahou (Honolulu, HI)";HI;"6-1 / 185";82;NA;106;16;Hawaii
"Brock Glenn";QB;"Lausanne Collegiate School (Memphis, TN)";TN;"6-2 / 195";90;NA;19;6;"Ohio State"
"Tovie Martin";TE;"Clovis (Clovis, CA)";CA;"6-4 / 245";76;NA;128;453;
"Samuel Singleton";RB;"Fleming Island (Orange Park, FL)";FL;"5-11 / 180";90;NA;14;53;"Florida State"
"Oliver Fisher";TE;"Sherwood (Sherwood, OR)";OR;"6-5 / 225";84;NA;72;7;"Boise State"
"Jelani Thurman";TE;"Langston Hughes (Fairburn, GA)";GA;"6-5 / 230";94;69;3;5;"Ohio State"
"Stephon Daily";WR;"Sierra Linda (Tolleson, AZ)";AZ;"6-4 / 175";84;NA;222;26;"Colorado State"
"Charlie Gilliam";QB;"Eagles Landing Christian Academy (McDonough, GA)";GA;"6-2.5 / 180";85;NA;68;122;"Wake Forest"
"Zane Flores";QB;"Gretna (Gretna, NE)";NE;"6-3.5 / 190";89;NA;23;2;"Oklahoma State"
"Jamari Johnson";ATH;"Inglewood (Inglewood, CA)";CA;"6-5 / 250";89;NA;32;34;Louisville
"Cal Swanson";QB;"Ardmore (Ardmore, OK)";OK;"6-3 / 185";84;NA;79;18;Illinois
"Cole Cabana";RB;"Dexter (Dexter, MI)";MI;"6-0 / 180";90;NA;17;3;Michigan
"Jalen Hale";WR;"Longview (Longview, TX)";TX;"6-2 / 175";94;74;12;13;
"Zach Ortwerth";TE;"St. Louis University (Saint Louis, MO)";MO;"6-4 / 220";87;NA;37;16;Iowa
"KJ Reed";WR;"Mission Viejo (Mission Viejo, CA)";CA;"5-11 / 175";86;NA;143;121;
"Eric Singleton Jr.";WR;"Alexander (Douglasville, GA)";GA;"5-10 / 165";86;NA;165;103;"Western Kentucky"
"Keany Parks";RB;"Bradford (Kenosha, WI)";WI;"6-1 / 180";79;NA;152;10;
"Isaiah Spencer";WR;"Madison Central (Madison, MS)";MS;"6-2 / 185";86;NA;126;12;"Southern Miss"
"Dereun Dortch";QB;"San Jacinto (San Jacinto, CA)";CA;"6-0 / 200";80;NA;120;291;
"Spencer Jones";WR;"Our Lady Good Counsel HS (Olney, MD)";MD;"6-3 / 190";84;NA;217;29;Duke
"Nayati Hendrix";ATH;"Kaiser (Fontana, CA)";CA;"5-11 / 170";81;NA;193;260;
"Olsen Patt Henry";TE;"First Baptist Academy (Naples, FL)";FL;"6-3 / 215";90;NA;16;56;Clemson
"Justyn Reid";TE;"Newnan (Newnan, GA)";GA;"6-5 / 230";84;NA;76;139;"Georgia Tech"
"Aronne Herring";RB;"New Bern (New Bern, NC)";NC;"5-10 / 175";83;NA;108;39;
"Ja'koby Banks";WR;"Fort Bend Marshall (Missouri City, TX)";TX;"5-9 / 175";87;NA;101;123;Houston
"Garrison Monroe";ATH;"Shakopee (Shakopee, MN)";MN;"6-0 / 190";84;NA;150;10;Minnesota
"Nyziah Hunter";WR;"Salinas (Salinas, CA)";CA;"6-2 / 192";89;NA;50;32;California
"Ben Pfaff";RB;"Bellarmine Prep (San Jose, CA)";CA;"5-11 / 190";78;NA;156;372;
"Marquise Palmer";ATH;"East St. Louis (East Saint Louis, IL)";IL;"5-11 / 175";79;NA;227;60;
"Broc Lowry";QB;"Canfield (Canfield, OH)";OH;"6-3 / 195";85;NA;61;38;Indiana
"TJ McWilliams";WR;"North Central (Indianapolis, IN)";IN;"6-1 / 170";84;NA;218;18;Purdue
"Exavious Reed";TE;"Callaway (Hogansville, GA)";GA;"6-3.5 / 220";84;NA;75;138;"Southern Miss"
"Demetrion Cannon";WR;"Trinity Catholic (Saint Louis, MO)";MO;"6-0 / 180";84;NA;221;33;
"James Scott";RB;"Franklin (Seattle, WA)";WA;"5-9 / 205";74;NA;177;134;
"Nathan Leacock";WR;"Millbrook (Raleigh, NC)";NC;"6-3 / 200";87;NA;91;19;Tennessee
"Khalil Yarbo";RB;"Graham-Kapowsin (Tacoma, WA)";WA;"6-0 / 210";77;NA;163;83;
"Mac Markway";TE;"DeSmet (Saint Louis, MO)";MO;"6-4 / 250";92;163;13;6;LSU
"Kam Franklin";ATH;"Oak Grove (Oak Grove, LA)";LA;"6-3 / 185";87;NA;61;23;"Oklahoma State"
"Amare Thomas";WR;"Pinson Valley (Pinson, AL)";AL;"5-10 / 180";87;NA;92;26;Virginia
"Devin McCuin";ATH;"Jacksonville (Jacksonville, TX)";TX;"5-11 / 180";86;NA;92;156;UTSA
"Will Prichard";QB;"Santaluces Community (Lake Worth, FL)";FL;"6-2 / 195";77;NA;159;300;
"Chris Parson";QB;"Ravenwood (Brentwood, TN)";TN;"6-0.5 / 200";88;NA;25;13;"Mississippi State"
"Trey Roberts";WR;"American Fork (American Fork, UT)";UT;"6-2 / 195";83;NA;238;21;
"Takye Heath";ATH;"Highland Springs (Highland Springs, VA)";VA;"5-9 / 165";86;NA;88;24;"Virginia Tech"
"Jordyn Bailey";WR;"Ryan (Denton, TX)";TX;"5-9 / 160";86;NA;120;136;TCU
"Antonio Ferguson";TE;"Apopka (Apopka, FL)";FL;"6-4 / 235";85;NA;61;167;"East Carolina"
"Christian Hunt";QB;"Redondo Union HS (Redondo Beach, CA)";CA;"6-5 / 210";83;NA;93;212;
"Marquis Johnson";WR;"Dickinson (Dickinson, TX)";TX;"5-11 / 176";86;NA;157;185;Missouri
"Bo Edmundson";QB;"Lake Travis (Austin, TX)";TX;"6-3 / 195";86;NA;42;131;"Michigan State"
"Carlos Matheney";RB;"Tumwater (Olympia, WA)";WA;"6-0 / 195";81;NA;132;41;Idaho
"Jacob Kilzer";QB;"Maple Grove (Osseo, MN)";MN;"6-2 / 196";79;NA;146;20;
"JeyQuan Smith";ATH;"Cajon (San Bernardino, CA)";CA;"5-10 / 175";88;NA;50;64;
"Takare Lipscomb";WR;"Carrollton (Carrollton, GA)";GA;"5-11 / 175";84;NA;237;140;"Arkansas State"
"Ky McNulty";WR;"Baldwin County (Bay Minette, AL)";AL;"6-4 / 180";84;NA;207;53;
"Kevin Concepcion";WR;"Julius L. Chambers (Charlotte, NC)";NC;"5-11 / 173";87;NA;106;22;"NC State"
"Isaiah Birl";ATH;"Walnut Hills (Cincinnati, OH)";OH;"6-1 / 190";85;NA;124;40;Army
"Dane Parker";ATH;"Puyallup (Puyallup, WA)";WA;"6-1 / 180";78;NA;245;55;"Air Force"
"Dawson Pendergrass";ATH;"Mineola (Mineola, TX)";TX;"6-3 / 212";86;NA;87;150;Baylor
"Lawson Luckie";TE;"Norcross (Norcross, GA)";GA;"6-3 / 225";93;139;10;12;Georgia
"Chris Snyder Jr.";ATH;"Mater Dei Catholic (Chula Vista, CA)";CA;"6-0 / 175";88;NA;49;62;
"Camp Magee";TE;"Edgewater (Orlando, FL)";FL;"6-6 / 210";87;NA;39;104;Northwestern
"Edward Schultz";WR;"Mission Viejo (Mission Viejo, CA)";CA;"6-1 / 195";85;NA;181;140;Colorado
"Carnell Tate";WR;"IMG Academy (Bradenton, FL)";FL;"6-2 / 185";97;20;4;5;"Ohio State"
"Malachi Singleton";QB;"North Cobb (Kennesaw, GA)";GA;"6-1 / 225";91;234;14;22;Arkansas
"Jackson Holman";WR;"Mission Viejo (Mission Viejo, CA)";CA;"6-3 / 200";87;NA;102;91;Arizona
"Courtland Simmons";ATH;"Davidson Academy (Nashville, TN)";TN;"5-10 / 185";85;NA;128;40;
"Walker Lyons";TE;"Folsom (Folsom, CA)";CA;"6-4 / 230";93;102;7;9;Stanford
"Steven Curtis";ATH;"Cardinal Newman (West Palm Beach, FL)";FL;"6-5 / 230";85;NA;130;180;
"Mason Shorb";QB;"Rouse (Leander, TX)";TX;"6-2 / 175";81;NA;116;257;UTSA
"Jaquerrius Gray";ATH;"Oak Grove (Hattiesburg, MS)";MS;"5-8 / 160";86;NA;110;18;"Southern Miss"
"Donavyn Pellot";ATH;"Silverado (Las Vegas, NV)";NV;"6-2 / 210";89;NA;36;5;
"Jaivian Thomas";RB;"McClymonds (Oakland, CA)";CA;"5-10 / 175";80;NA;142;307;
"Israel Polk";ATH;"St. John Bosco (Bellflower, CA)";CA;"6-2.5 / 170";87;NA;58;69;
"Hayden Oviatt";ATH;"Wamego (Wamego, KS)";KS;"6-1 / 200";82;NA;185;16;Army
"Marques Neal";ATH;"Channelview (Channelview, TX)";TX;"5-11 / 185";87;NA;70;118;
"Braxton Woodson";QB;"Lake Brantley (Altamonte Springs, FL)";FL;"6-3 / 195";82;NA;108;271;Navy
"Kai Black";WR;"Urbandale (Urbandale, IA)";IA;"6-4 / 205";86;NA;132;8;"Iowa State"
"Hykeem Williams";WR;"Stranahan (Fort Lauderdale, FL)";FL;"6-3 / 200";96;26;5;6;
"Mykel Morman";ATH;"Dr. Henry Wise (Upper Marlboro, MD)";MD;"6-1 / 175";85;NA;139;26;Maryland
"Joaqinn Thomas";ATH;"Granite Hills (El Cajon, CA)";CA;"5-9 / 175";80;NA;210;305;
"Barry Jackson";WR;"Cedar Grove (Ellenwood, GA)";GA;"5-11 / 175";86;NA;155;96;Nebraska
"Daquayvious Sorey";WR;"Chipley (Campbellton, FL)";FL;"6-2 / 190";92;188;22;43;Auburn
"Hank Brown";QB;"Lipscomb Academy (Nashville, TN)";TN;"6-4 / 195";86;NA;55;32;Liberty
"Jackson Arnold";QB;"Guyer (Denton, TX)";TX;"6-1 / 205";98;15;5;2;Oklahoma
"Morgan Pearson";WR;"Plainview (Ardmore, OK)";OK;"6-2 / 225";86;NA;125;11;
"Journey McKoy";ATH;"De La Salle (Concord, CA)";CA;"5-10 / 170";83;NA;167;198;Nevada
"Keshon Singleton";WR;"Sacred Heart Griffin (Springfield, IL)";IL;"6-2 / 180";83;NA;246;37;"Air Force"
"Cort Halsey";TE;"Menlo (Atherton, CA)";CA;"6-3 / 205";77;NA;127;438;
"Ben Marshall";TE;"Blackman (Murfreesboro, TN)";TN;"6-5 / 217";84;NA;73;50;California
"Josiah Davis";RB;"North Salem (Salem, OR)";OR;"5-10 / 210";80;NA;144;18;
"Javious Bond";ATH;"Jones County (Gray, GA)";GA;"5-9 / 170";89;NA;38;40;Memphis
"Kyron Jones";RB;"Charlotte Christian (Charlotte, NC)";NC;"6-0.5 / 193";87;NA;36;16;
"Kayde Bodine";QB;"Sumner (Sumner, WA)";WA;"6-0 / 165";75;NA;185;125;
"Anthony Eager";WR;"McGill Toolen (Mobile, AL)";AL;"6-1 / 170";86;NA;147;38;"South Alabama"
"Osize Daniyan";ATH;"Mount Juliet (Mount Juliet, TN)";TN;"5-11.5 / 187";86;NA;103;30;
"Troy Bean";ATH;"Great Oak (Temecula, CA)";CA;"6-4 / 195";80;NA;213;335;
"Kalib Hicks";RB;"Ryan (Denton, TX)";TX;"5-11 / 195";87;NA;41;108;Oklahoma
"Keymarion Gibson";ATH;"Ottawa Hills (Grand Rapids, MI)";MI;"6-2 / 257";78;NA;243;55;
"Jalen Brown";WR;"Gulliver Prep (Miami, FL)";FL;"6-1 / 170";95;52;9;14;LSU
"Parker Jenkins";RB;"Klein Forest (Houston, TX)";TX;"5-10 / 185";88;NA;25;74;Houston
"Shamar Porter";WR;"Ensworth (Nashville, TN)";TN;"6-3 / 192";92;186;21;3;Kentucky
"DeAndra Burns";WR;"El Dorado (El Dorado, AR)";AR;"5-9 / 150";87;NA;111;5;"Arkansas State"
"Devyn Turner";RB;"St. Francis (Allen, TX)";TX;"5-9 / 180";85;NA;83;146;
"Curron Borders";RB;"Antelope (Antelope, CA)";CA;"5-7 / 180";81;NA;130;272;"Sacramento State"
"Muwaffaq Parkman";ATH;"Hillside (Hillside, NJ)";NJ;"6-0 / 175";84;NA;163;30;Syracuse
"Jayden Mandal";QB;"Buchanan (Clovis, CA)";CA;"6-0 / 205";84;NA;78;177;"Fresno State"
"Colton Joseph";QB;"Newport Harbor (Newport Beach, CA)";CA;"6-2 / 190";80;NA;129;313;
"Jordyn Potts";QB;"Powell (Powell, TN)";TN;"6-0 / 175";80;NA;132;68;"Tennessee Tech"
"Trey Fasani";QB;"Ripon Christian Schools (Ripon, CA)";CA;"6-2 / 200";81;NA;110;256;
"Omarion Miller";WR;"North Caddo (Vivian, LA)";LA;"6-2 / 190";91;221;23;12;Nebraska
"Nathan VanTimmeren";TE;"Catholic Central (Grand Rapids, MI)";MI;"6-5 / 215";79;NA;108;50;"Central Michigan"
"Davion Dozier";WR;"Moody (Moody, AL)";AL;"6-4 / 195";86;NA;145;37;Arkansas
"Jahreece Lynch";ATH;"North Surry (Mount Airy, NC)";NC;"6-2 / 185";82;NA;180;41;
"Jashon Benjamin";RB;"Pahokee (Pahokee, FL)";FL;"5-8 / 194";84;NA;93;218;Rutgers
"Dalton Brooks";ATH;"Shiner (Shiner, TX)";TX;"6-1 / 187";93;106;8;21;"Texas A&M"
"Parker Leise";QB;"IMG Academy (Bradenton, FL)";FL;"6-2 / 215";80;NA;123;288;
"Hezekiah Anahu-Ambrosio";ATH;"Konawaena (Kealakekua, HI)";HI;"5-11 / 190";84;NA;147;10;Nevada
"Darren Lawrence";WR;"Seminole (Sanford, FL)";FL;"6-2 / 190";89;NA;42;69;"Florida State"
"Derrick Rogers";WR;"Jones (Orlando, FL)";FL;"6-1 / 170";86;NA;148;136;Maryland
"David Rasor";QB;"Corona Del Mar (Newport Beach, CA)";CA;"6-1 / 195";84;NA;69;156;"UC Davis"
"Tyler Brown";WR;"Greenville (Greenville, SC)";SC;"5-11 / 170";87;NA;116;13;Minnesota
"Avery Johnson";QB;"Maize (Maize, KS)";KS;"6-2 / 175";93;97;9;1;"Kansas State"
"Nick Afato";ATH;"Yuba City (Yuba City, CA)";CA;"6-0 / 200";81;NA;190;251;
"Justice Haynes";RB;"Buford (Buford, GA)";GA;"5-11 / 200";94;81;4;7;Alabama
"Malachi Pierce";ATH;"Edison (Huntington Beach, CA)";CA;"6-4 / 190";81;NA;195;263;
"Deakon Tonielli";TE;"Oswego (Oswego, IL)";IL;"6-6 / 215";90;NA;17;3;Michigan
"Koron Hayward";WR;"Sandalwood (Jacksonville, FL)";FL;"6-4.5 / 199";85;NA;192;176;"Georgia Southern"
"Dominic Nankil";QB;"Mater Dei Catholic (Chula Vista, CA)";CA;"6-1 / 170";83;NA;88;202;
"CJ Tiller";QB;"Rancho Cucamonga (Rancho Cucamonga, CA)";CA;"6-2 / 190";87;NA;31;67;"Boise State"
"Robert Stafford";ATH;"Eau Gallie (Melbourne, FL)";FL;"5-11 / 171";92;185;16;42;Miami
"Chiddi Obiazor";TE;"Eden Prairie (Eden Prairie, MN)";MN;"6-5 / 240";83;NA;78;11;"Kansas State"
"Leo Pulalasi";ATH;"Lakes (Lakewood, WA)";WA;"6-1 / 205";86;NA;100;13;BYU
"Jonathan Stromberg";TE;"Skyview (Vancouver, WA)";WA;"6-5 / 205";78;NA;114;71;
"Sedrick Irvin Jr.";RB;"Columbus (Miami, FL)";FL;"5-10 / 190";90;NA;20;59;Stanford
"Luke Elliott";QB;"Washington (Tacoma, WA)";WA;"6-5 / 170";75;NA;186;126;
"Ben Yundt";RB;"Mountain View Senior (Bend, OR)";OR;"5-7 / 166";72;NA;182;67;
"Tanner Lemaster";TE;"Washington (Washington Court House, OH)";OH;"6-6 / 235";86;NA;48;34;Kentucky
"Jax Leatherwood";QB;"Scripps Ranch (San Diego, CA)";CA;"6-6 / 215";87;NA;40;90;Nevada
"Nollenn Tabaska";TE;"Brookfield East (Brookfield, WI)";WI;"6-7 / 230";82;NA;87;7;Army
"Richemard Mellien";ATH;"First Baptist Academy (Naples, FL)";FL;"6-1 / 200";85;NA;133;183;
"Jarriett Buie";WR;"Jesuit (Tampa, FL)";FL;"6-3 / 182";86;NA;162;155;
"Johnny Thompson";RB;"Oaks Christian (Westlake Village, CA)";CA;"5-10 / 190";86;NA;52;108;
"DJ Cloyd";ATH;"Columbia (Columbia, MS)";MS;"6-2 / 190";83;NA;175;35;Tulane
"Amini Amone";RB;"East (Salt Lake City, UT)";UT;"5-11 / 190";82;NA;115;29;Nevada
"Baylin Brooks";WR;"Loyola (Los Angeles, CA)";CA;"6-2 / 195";86;NA;121;101;"San Diego State"
"D'Mariun Perteet";RB;"South Panola (Batesville, MS)";MS;"5-10 / 200";80;NA;140;41;
"Cody Smith";TE;"Liberty Ranch (Galt, CA)";CA;"6-7 / 240";78;NA;123;398;Idaho
"Lex Thomas";QB;"Heritage (Wake Forest, NC)";NC;"5-11 / 193";87;NA;37;21;"NC State"
"TeKai Kirby";TE;"St. Thomas Aquinas (Fort Lauderdale, FL)";FL;"6-3 / 210";83;NA;82;241;Virginia
"Jonathan Humpal";RB;"Lewis Central (Council Bluffs, IA)";IA;"5-10 / 165";82;NA;116;22;
"Darius Taylor";RB;"Walled Lake Western (Walled Lake, MI)";MI;"5-11 / 187";87;NA;40;13;Minnesota
"Ashton Cozart";WR;"Marcus (Flower Mound, TX)";TX;"6-3.5 / 193";92;152;17;29;Oregon
"Collin Dixon";ATH;"Tallmadge (Tallmadge, OH)";OH;"6-2 / 205";87;NA;74;27;Wisconsin
"Jacob Winters";QB;"Jackson (Jackson, OH)";OH;"6-2 / 215";81;NA;117;76;Ohio
"Keyjuan Brown";RB;"South Atlanta (Atlanta, GA)";GA;"5-9 / 205";87;NA;48;73;Purdue
"Crew McChesney";WR;"Lone Peak (American Fork, UT)";UT;"5-10 / 170";83;NA;241;28;
"Kenric Lanier";WR;"Decatur (Decatur, GA)";GA;"6-1.5 / 180";88;NA;77;50;Vanderbilt
"Surahz Buncom";ATH;"Mater Dei Catholic (Chula Vista, CA)";CA;"6-4 / 175";87;NA;76;84;Kansas
"Barry Tate";WR;"Northeast Guilford (Mcleansville, NC)";NC;"5-9 / 150";84;NA;223;35;
"Delon Thompson";RB;"St. Bonaventure (Ventura, CA)";CA;"5-9 / 196";85;NA;87;154;
"Vandrevius Jacobs";WR;"Vero Beach (Vero Beach, FL)";FL;"6-0 / 167";87;NA;79;92;"Florida State"
"Fredrick Moore";WR;"Cardinal Ritter College Prep (Saint Louis, MO)";MO;"6-0 / 175";89;NA;46;11;Michigan
"Derek Taylor";TE;"Hilmar (Hilmar, CA)";CA;"6-4 / 210";81;NA;94;246;
"Mychal Yharbrough";ATH;"Belleville (Belleville, MI)";MI;"6-1 / 175";84;NA;154;24;"Miami (OH)"
"Colby White";QB;"Mission College Preparatory Catholic (San Luis Obispo, CA)";CA;"6-2 / 195";77;NA;166;431;
"Joey Scarantino";QB;"Timberline (Boise, ID)";ID;"6-4 / 175";75;NA;190;53;
"Andre Davis";WR;"Blue Valley (Overland Park, KS)";KS;"6-4 / 200";87;NA;87;7;"Kansas State"
"Zamariyon Kendall";RB;"Lausanne Collegiate School (Memphis, TN)";TN;"5-11 / 202";85;NA;76;36;
"Grant Tucker";ATH;"Charlotte Christian (Charlotte, NC)";NC;"6-3 / 184";90;NA;23;10;
"Joquez Smith";RB;"Jesuit (Tampa, FL)";FL;"5-6.5 / 190";84;NA;88;208;Temple
"Jaylin Townsend";ATH;"Beecher (Mount Morris, MI)";MI;"6-1 / 160";79;NA;222;39;
"Dakotah Mayo";WR;"Christian Brothers College (Saint Louis, MO)";MO;"5-10 / 160";85;NA;169;24;
"Jahbari Kuykendall";RB;"Westside (Houston, TX)";TX;"5-6 / 170";83;NA;101;240;"North Texas"
"J.T. Foreman";RB;"Turlock (Turlock, CA)";CA;"5-10 / 195";81;NA;128;259;
"Leeshaun Mumpfield";QB;"Cass Technical (Detroit, MI)";MI;"5-10 / 175";76;NA;178;73;
"Arthur Jenkins";WR;"Dillard (Fort Lauderdale, FL)";FL;"6-3 / 190";84;NA;204;204;"Florida Atlantic"
"Randy Pittman";TE;"A. Crawford Mosley (Lynn Haven, FL)";FL;"6-2 / 230";87;NA;32;96;
"Jaedn Skeete";WR;"Catholic Memorial (West Roxbury, MA)";MA;"6-0 / 160";85;NA;179;10;"Boston College"
"Charles Greer";RB;"De La Salle (Concord, CA)";CA;"5-11 / 180";85;NA;73;126;"Fresno State"
"Ayden Greene";WR;"Powell (Powell, TN)";TN;"6-0.5 / 167";89;NA;43;10;Cincinnati
"Ryan Oliver";QB;"Lakeridge (Lake Oswego, OR)";OR;"6-2 / 190";77;NA;161;32;
"Mack Howard";QB;"Oxford (Oxford, MS)";MS;"6-2 / 185";86;NA;53;11;Utah
"Samaje Featherstone";RB;"Freedom (Oakley, CA)";CA;"5-9 / 180";80;NA;137;296;
"Ryan McCulloch";ATH;"Rio Hondo Preparatory School (Arcadia, CA)";CA;"6-3 / 235";85;NA;142;149;California
"A.C. Mason-Young";ATH;"Covington (Covington, TN)";TN;"5-11 / 170";84;NA;156;44;
"Rueben Owens";RB;"El Campo (El Campo, TX)";TX;"5-11 / 190";96;23;1;3;Louisville
"Quinten Joyner";RB;"Manor (Manor, TX)";TX;"5-11 / 203";91;212;8;36;USC
"Jamarion Carroll";WR;"Hirschi (Wichita Falls, TX)";TX;"6-1 / 180";85;NA;166;196;SMU
"Zack Marshall";ATH;"Carlsbad (Carlsbad, CA)";CA;"6-4 / 220";87;NA;78;93;Michigan
"Trey Gibson";RB;"Hobart (Hobart, IN)";IN;"6-0 / 190";72;NA;181;50;
"Mason Muaau";WR;"St. Louis (Honolulu, HI)";HI;"6-5 / 210";86;NA;159;8;"Colorado State"
"Treyaun Webb";RB;"Trinity Christian Academy (Jacksonville, FL)";FL;"6-1 / 205";91;220;10;47;Florida
"Nicholaus Iamaleava";QB;"Warren (Downey, CA)";CA;"6-5 / 195";98;3;3;1;Tennessee
"Drew Cowart";QB;"American Leadership Academy (Queen Creek, AZ)";AZ;"6-2 / 190";79;NA;144;48;
"David Wells";WR;"Lakes (Lakewood, WA)";WA;"6-0 / 170";85;NA;175;19;"Oregon State"
"Mana Tapusoa";RB;"Blue Springs (Blue Springs, MO)";MO;"5-11 / 205";79;NA;145;41;
"Chris Lawson Jr.";WR;"Ridge View (Columbia, SC)";SC;"6-1 / 172";85;NA;176;23;"Appalachian State"
"Parker Pettit";QB;"Sandpoint (Sandpoint, ID)";ID;"6-1 / 200";76;NA;182;48;
"Lamar Seymore";WR;"Miami Central (Miami, FL)";FL;"6-2 / 185";87;NA;110;108;Pittsburgh
"J.J. Payne";ATH;"Northwood (Nappanee, IN)";IN;"6-4 / 180";79;NA;226;29;
"Quaran Williams";ATH;"Parkway North (Saint Louis, MO)";MO;"6-2 / 180";79;NA;225;42;"Miami (OH)"
"Ethan Davis";TE;"Collins Hill (Suwanee, GA)";GA;"6-5 / 221";93;99;6;9;Tennessee
"Cade Clyde";TE;"Connell (Connell, WA)";WA;"6-3 / 250";80;NA;100;46;
"Jackson House";QB;"Dunham School (Baton Rouge, LA)";LA;"6-0 / 185";75;NA;187;52;
"Raymond Valencia";ATH;"Chaparral (Temecula, CA)";CA;"6-0 / 170";85;NA;117;135;
"Jesse Anderson";ATH;"Cardinal Gibbons (Fort Lauderdale, FL)";FL;"6-0 / 175";86;NA;109;152;Pittsburgh
"Garrett Bass-Sulpizio";QB;"La Jolla Country Day (La Jolla, CA)";CA;"6-5 / 215";80;NA;138;345;
"Brock Murtaugh";ATH;"Millard South (Omaha, NE)";NE;"6-2 / 200";79;NA;230;12;
"Rashid Williams";WR;"Pittsburg (Pittsburg, CA)";CA;"6-2 / 185";90;244;27;15;Washington
"Chance Fitzgerald";WR;"Nolensville (Nolensville, TN)";TN;"6-3 / 184";86;NA;142;28;
"Hunter Provience";TE;"Christian (El Cajon, CA)";CA;"6-5 / 230";83;NA;84;219;
"Jaquaize Pettaway";WR;"Langham Creek (Houston, TX)";TX;"5-11 / 170";95;40;6;5;Oklahoma
"Ray Woods";QB;"Homewood (Birmingham, AL)";AL;"6-2 / 175";81;NA;115;62;
"Dieter Barr";QB;"St. Pius X-St. Matthias Academy (DOWNEY, CA)";CA;"6-3 / 170";84;NA;76;170;
"Curtis Douglas";ATH;"Santaluces Community (Lake Worth, FL)";FL;"6-0 / 200";83;NA;174;243;
"David Clement";TE;"Christian Brothers Academy (Albany, NY)";NY;"6-7 / 265";86;NA;50;6;Syracuse
"Reese Mooney";QB;"Denham Springs (Denham Springs, LA)";LA;"6-1 / 200";87;NA;35;26;Liberty
"Bryce Schondelmyer";QB;"Springfield (Springfield, OH)";OH;"6-2 / 195";76;NA;176;110;
"Trech Kekahuna";WR;"Bishop Gorman (Las Vegas, NV)";NV;"5-11 / 180";85;NA;184;10;Wisconsin
"Dylan Braithwaite";WR;"Holy Trinity Diocesan (Hicksville, NY)";NY;"5-10 / 175";86;NA;156;7;Rutgers
"Keyone Jenkins";QB;"Miami Central (Miami, FL)";FL;"5-10 / 160";79;NA;148;294;FIU
"Jayden Limar";RB;"Lake Stevens (Lake Stevens, WA)";WA;"5-11 / 190";90;247;12;3;"Notre Dame"
"Silas Evans";WR;"George Washington (Denver, CO)";CO;"6-1 / 180";84;NA;233;12;"Colorado State"
"Richard Dandridge";WR;"Homestead (Homestead, FL)";FL;"5-10 / 160";87;NA;113;109;Temple
"Robby Washington";ATH;"Miami Palmetto (Miami, FL)";FL;"5-10 / 185";94;86;6;20;Miami
"Ty Bryant";ATH;"Frederick Douglass (Lexington, KY)";KY;"6-0 / 175";86;NA;91;8;Kentucky
"Re'Shaun Sanford";RB;"Harker Heights (Harker Heights, TX)";TX;"5-7 / 165";83;NA;109;245;Houston
"Jason Hewlett";ATH;"Chaney (Youngstown, OH)";OH;"6-3 / 200";87;NA;67;20;Cincinnati
"Jeremiah Coney";RB;"Hermitage (Richmond, VA)";VA;"6-0.5 / 194";85;NA;84;39;"Appalachian State"
"Sam Peters";TE;"Maple Grove (Osseo, MN)";MN;"6-4 / 225";85;NA;54;7;Minnesota
"Joshua Franklin";ATH;"Crete-Monee (Crete, IL)";IL;"6-0 / 173";79;NA;224;57;"Western Michigan"
"Willtrell Hartson";RB;"Washington (Massillon, OH)";OH;"5-9 / 200";86;NA;58;35;
"Cedric Baxter Jr.";RB;"Edgewater (Orlando, FL)";FL;"6-1 / 215";96;31;2;7;Texas
"Kaleb Smith";WR;"Reedy (Frisco, TX)";TX;"6-0 / 175";86;NA;144;170;"Texas Tech"
"Gavin Porch";WR;"Los Alamitos (Los Alamitos, CA)";CA;"5-9 / 160";85;NA;167;128;
"Carson Conklin";QB;"Centennial (Corona, CA)";CA;"6-1 / 175";86;NA;52;107;
"Josiah Phillips";WR;"Sierra Canyon (Chatsworth, CA)";CA;"6-4.5 / 190";87;NA;104;92;BYU
"Trey Cornist";RB;"Winton Woods (Cincinnati, OH)";OH;"5-11 / 209";84;NA;99;51;"Georgia Tech"
"Cayden Dawson";TE;"University City (San Diego, CA)";CA;"6-4 / 230";87;NA;33;80;"Boise State"
"Bryce Cohoon";WR;"Maize (Maize, KS)";KS;"6-2 / 175";84;NA;235;15;Syracuse
"Michael Parkes";WR;"Bayside (Palm Bay, FL)";FL;"6-1 / 185";87;NA;103;106;"Iowa State"
"Asaad Waseem";WR;"Ocoee (Ocoee, FL)";FL;"6-0 / 170";87;NA;100;105;
"Lavon Brown";WR;"Sierra Canyon (Chatsworth, CA)";CA;"6-1 / 180";87;NA;95;82;"Colorado State"
"Kenyon Agurs";ATH;"Inglewood (Inglewood, CA)";CA;"6-5 / 235";83;NA;172;217;
"Jaquez Keyes";RB;"Ironton (Ironton, OH)";OH;"6-1 / 207";87;NA;45;25;Wisconsin
"Jalyn Thompson";TE;"Dowling Catholic (West Des Moines, IA)";IA;"6-4 / 220";79;NA;107;27;"Northern Illinois"
"Kael Combs";WR;"Nixa (Nixa, MO)";MO;"6-4 / 190";86;NA;124;22;
"Jeremiah Claiborne";RB;"Bishop Alemany (Mission Hills, CA)";CA;"6-1 / 195";81;NA;133;283;
"Mark Fletcher";RB;"American Heritage (Fort Lauderdale, FL)";FL;"6-1 / 225";91;232;11;49;"Ohio State"
"Jesse Ofurie";WR;"St. John's Prep (Danvers, MA)";MA;"6-2 / 195";87;NA;112;8;Rutgers
"Edwin Joseph";ATH;"Chaminade-Madonna Prep (Hollywood, FL)";FL;"6-0 / 178";87;NA;53;94;
"Max Cutforth";QB;"Skyview (Nampa, ID)";ID;"6-2 / 170";78;NA;152;20;
"Jahiem White";RB;"William Penn (York, PA)";PA;"5-9 / 180";88;NA;33;11;"West Virginia"
"Derrick Bohler";WR;"Miami Palmetto (Miami, FL)";FL;"6-1 / 195";85;NA;190;171;
"Dakota Patterson";ATH;"Boyle County (Danville, KY)";KY;"6-1.5 / 194";90;NA;26;1;
"Daidren Zipperer";WR;"Lakeland (Lakeland, FL)";FL;"6-1 / 170";84;NA;201;203;
"Kamaehu Kaawalauole";WR;"James Campbell (Ewa Beach, HI)";HI;"6-5 / 210";84;NA;231;11;"San Jose State"
"Seth Mouser";QB;"Bastrop (Bastrop, TX)";TX;"6-5 / 200";79;NA;140;262;UTEP
"JJ Kohl";QB;"Ankeny (Ankeny, IA)";IA;"6-7 / 230";90;NA;15;3;"Iowa State"
"Jazel Riley IV";QB;"Golden (Golden, CO)";CO;"6-1 / 210";80;NA;133;17;
"London Montgomery";RB;"Scranton Prep (Scranton, PA)";PA;"5-10 / 180";88;NA;32;8;"Penn State"
"Marcus Ransom";ATH;"Harper Creek (Battle Creek, MI)";MI;"6-3 / 205";79;NA;228;44;
"Khai Taylor";ATH;"Pittsburg (Pittsburg, CA)";CA;"6-1 / 165";82;NA;178;228;Nevada
"Roy Gardner";ATH;"Mountain House (Mountain House, CA)";CA;"5-10 / 150";81;NA;192;257;
"Karmello English";WR;"Central (Phenix City, AL)";AL;"5-11 / 175";91;231;25;16;Auburn
"Andrew Metzger";TE;"Regis Jesuit (Aurora, CO)";CO;"6-5 / 235";85;NA;56;7;Colorado
"Cooper Jensen";TE;"Glacier Peak (Snohomish, WA)";WA;"6-5 / 210";88;NA;25;12;"Oregon State"
"Sean Williams";WR;"St. John's (Washington, DC)";DC;"6-1 / 175";85;NA;177;5;Maryland
"Anthony Benjamin";WR;"Dunbar (Fort Myers, FL)";FL;"5-8 / 140";84;NA;230;217;
"Mason Norberg";TE;"Folsom (Folsom, CA)";CA;"6-2 / 215";81;NA;95;248;
"Rohan Davy";ATH;"St. John's (Washington, DC)";DC;"5-10 / 190";84;NA;155;7;Cincinnati
"Khai Prean";ATH;"St. James (Saint James, LA)";LA;"6-0 / 190";90;NA;27;15;LSU
"Chris Dawn Jr.";WR;"Horn (Mesquite, TX)";TX;"5-7 / 155";85;NA;170;206;"Arkansas State"
"Ernest Thomas";WR;"North Forney (Forney, TX)";TX;"6-2 / 185";86;NA;135;162;
"Jackson Bowers";TE;"Mountain View (Mesa, AZ)";AZ;"6-5 / 225";91;222;14;4;BYU
"Christopher Johnson";RB;"Dillard (Fort Lauderdale, FL)";FL;"5-11 / 178";87;NA;37;89;
"Kaden Moorman";ATH;"Franklin County (Frankfort, KY)";KY;"5-10 / 205";87;NA;63;5;Kentucky
"Conner Cravaack";TE;"Madeira (Cincinnati, OH)";OH;"6-5 / 220";79;NA;105;85;Akron
"Kenny Johnson";WR;"Dallastown Area (Dallastown, PA)";PA;"6-1 / 190";87;NA;108;16;Pittsburgh
"Jaden Booker";RB;"Palmetto Ridge (Naples, FL)";FL;"5-10 / 195";85;NA;72;158;
"Asa Newsom";ATH;"Waverly-Shell Rock (Waverly, IA)";IA;"6-4 / 205";86;NA;96;10;
"Ethan Clark";RB;"Clarkston (Clarkston, MI)";MI;"6-1 / 195";80;NA;138;35;Princeton
"Raheim Jeter";QB;"Spartanburg (Duncan, SC)";SC;"6-3 / 220";86;NA;44;14;
"Mason Kidd";QB;"Mountain View (Lawrenceville, GA)";GA;"6-4 / 192";82;NA;107;155;"Northern Illinois"
"Marquez Taylor";ATH;"Mckenzie (Mckenzie, TN)";TN;"5-10 / 171";86;NA;102;29;
"Dante Barone";TE;"Hun School (Princeton, NJ)";NJ;"6-3 / 245";84;NA;68;26;Rutgers
"Ryan Damron";QB;"Henry County (Paris, TN)";TN;"5-11 / 179";82;NA;101;64;
"Dante Lovett";ATH;"DeMatha Catholic (Hyattsville, MD)";MD;"6-1 / 185";87;NA;66;11;"Virginia Tech"
"Bo Burklow";TE;"CPA (Nashville, TN)";TN;"6-3.5 / 230";80;NA;101;65;"Coastal Carolina"
"Kamari Moulton";RB;"Cardinal Gibbons (Fort Lauderdale, FL)";FL;"5-9 / 180";86;NA;64;135;"Florida Atlantic"
"Davonte Johnson";ATH;"Kenwood Academy (Chicago, IL)";IL;"5-11 / 170";80;NA;207;49;
"Javonte Vereen";TE;"Havelock (Havelock, NC)";NC;"6-4 / 209";89;NA;20;13;"NC State"
"Donte Hawthorne";RB;"Colonial Forge (Stafford, VA)";VA;"6-0 / 200";85;NA;70;34;Virginia
"Quindarrius Jones";ATH;"Meridian (Meridian, MS)";MS;"6-2 / 187";86;NA;108;17;"Florida State"
"Shaborne Demps";WR;"Glades Central (Belle Glade, FL)";FL;"5-8 / 170";87;NA;114;110;Purdue
"Tyree Patterson";WR;"Eustis (Eustis, FL)";FL;"6-2 / 175";86;NA;150;138;Florida
"Luke Ash";RB;"Clackamas (Clackamas, OR)";OR;"5-8 / 150";77;NA;162;37;
"Durell Robinson";RB;"St. Frances Academy (Baltimore, MD)";MD;"6-1 / 190";86;NA;57;13;
"Jacobe Fowler";RB;"Lake Gibson (Lakeland, FL)";FL;"5-11 / 210";82;NA;120;262;
"Jamal Roberts";RB;"St Mary's (Saint Louis, MO)";MO;"5-11 / 200";88;NA;31;15;Missouri
"Emory Williams";QB;"Milton (Milton, FL)";FL;"6-4 / 190";87;NA;34;98;Miami
"Skyler Cassel";QB;"West Valley (Yakima, WA)";WA;"6-1 / 180";77;NA;170;101;
"Kendrick Bell";QB;"Park Hill (Kansas City, MO)";MO;"6-3 / 180";79;NA;139;43;
"Rico Flores";WR;"Folsom (Folsom, CA)";CA;"6-1 / 190";90;246;28;16;"Notre Dame"
"Blake Murphy";QB;"American Heritage (Fort Lauderdale, FL)";FL;"5-10 / 175";81;NA;113;280;Louisiana-Monroe
"Delano Franklin";ATH;"Bishop Amat (La Puente, CA)";CA;"5-11 / 165";86;NA;86;112;
"Trey Holly";RB;"Union Parish (Farmerville, LA)";LA;"5-8 / 180";87;NA;39;24;LSU
"Solomon Davis";ATH;"Charter Oak (Covina, CA)";CA;"6-0 / 183";87;NA;77;88;Arizona
"AJ Szymanski";TE;"Loyola Blakefield (Towson, MD)";MD;"6-5 / 245";84;NA;74;31;Maryland
"Keyon Brown";WR;"James Rickards (Tallahassee, FL)";FL;"6-3 / 188";87;NA;98;103;Oklahoma
"Zion Taylor";WR;"Norcross (Norcross, GA)";GA;"6-1 / 185";86;NA;134;84;"Georgia Tech"
"Noah Braham";TE;"University (Morgantown, WV)";WV;"6-2 / 225";85;NA;67;3;"West Virginia"
"Ismael Cisse";WR;"Cherry Creek (Englewood, CO)";CO;"6-1 / 180";87;NA;97;5;
"Richard Stallworth";QB;"Yuma Catholic (Yuma, AZ)";AZ;"6-2 / 205";77;NA;169;52;
"Tyler Douglas";QB;"Ocean Township (Oakhurst, NJ)";NJ;"6-2 / 190";83;NA;94;31;Temple
"Jeremiah Augustin";ATH;"Jupiter Christian School (Jupiter, FL)";FL;"6-5.5 / 180";83;NA;171;236;
"James White";TE;"Lewiston Senior (Lewiston, ID)";ID;"6-4 / 222";81;NA;98;12;
"Ben Fosnot";TE;"William Mason (Mason, OH)";OH;"6-6 / 230";77;NA;126;108;
"Gage Sliter";QB;"Glacier (Kalispell, MT)";MT;"6-1 / 185";77;NA;171;13;
"Kylen Webb";ATH;"Sumner High (Riverview, FL)";FL;"6-1 / 180";90;NA;19;54;Clemson
"Daniel Andrade";QB;"Bonita (La Verne, CA)";CA;"6-3 / 200";84;NA;75;169;
"Eric Denham";WR;"St. John Bosco (Bellflower, CA)";CA;"5-11 / 200";84;NA;212;159;
"Jai Hundley";RB;"Oak Ridge (Oak Ridge, TN)";TN;"5-9 / 195";83;NA;111;56;
"Famah Toure";WR;"Irvington (Pleasantville, NJ)";NJ;"6-3 / 195";86;NA;133;15;Rutgers
"John Randle Jr.";RB;"Heights (Wichita, KS)";KS;"6-0 / 180";90;NA;19;4;
"Brayden Dorman";QB;"Vista Ridge (Colorado Springs, CO)";CO;"6-4.5 / 206";90;NA;20;2;Arizona
"Omarion Blakes";WR;"McEvans (Shaw, MS)";MS;"5-11 / 175";85;NA;183;23;
"Sedrick Alexander";RB;"LBJ (Austin, TX)";TX;"5-8 / 190";87;NA;42;114;Vanderbilt
"Keaton Kubecka";WR;"Westlake (Austin, TX)";TX;"6-2 / 195";84;NA;203;226;Kansas
"Kenyon Nelson";QB;"Lincoln (Stockton, CA)";CA;"6-0 / 185";80;NA;121;295;
"Makai Lemon";ATH;"Los Alamitos (Los Alamitos, CA)";CA;"6-0 / 180";96;24;2;6;USC
"Nicholas Fernandez";ATH;"San Pedro (San Pedro, CA)";CA;"6-4 / 250";86;NA;89;116;
"Bryce Kooy";RB;"Bothell (Bothell, WA)";WA;"6-1 / 185";75;NA;174;127;
"Kaleb Jackson";RB;"Liberty Magnet (Baton Rouge, LA)";LA;"5-10 / 200";91;213;9;11;LSU
"Kedrick Reescano";RB;"New Caney (New Caney, TX)";TX;"5-11 / 190";89;NA;24;61;"Michigan State"
"Jermaine Foster";WR;"Glenville (Cleveland, OH)";OH;"6-0 / 185";83;NA;247;57;
"Nate Johnson";ATH;"Clearwater Central Catholic (Clearwater, FL)";FL;"5-9 / 165";86;NA;82;118;"Boston College"
"Kalen Cobb";WR;"DeMatha Catholic (Hyattsville, MD)";MD;"6-4 / 215";85;NA;185;21;
"Jermod McCoy";WR;"Whitehouse (Whitehouse, TX)";TX;"5-11 / 170";84;NA;205;227;Tulane
"Jonah Wilson";WR;"Dekaney (Houston, TX)";TX;"6-3 / 195";90;NA;40;56;Texas
"Samuel Cooper";QB;"University City (San Diego, CA)";CA;"6-3 / 215";87;NA;41;95;
"Junior Sherrill";WR;"Lipscomb Academy (Nashville, TN)";TN;"5-10 / 175";84;NA;225;48;Vanderbilt
"Jakeb Vallence";QB;"Cheney (Cheney, WA)";WA;"6-3 / 200";77;NA;172;106;
"Charlie Pace";RB;"Colquitt County (Moultrie, GA)";GA;"5-10 / 185";82;NA;122;158;"Georgia State"
"Konner Barrett";QB;"Gulf Coast (Naples, FL)";FL;"6-0 / 185";81;NA;112;277;
"Cole LaCrue";QB;"Broomfield (Broomfield, CO)";CO;"6-2 / 190";80;NA;135;18;
"Harvey Broussard";WR;"St. Martinville Senior (Saint Martinville, LA)";LA;"6-2.5 / 175";85;NA;172;37;
"Owen Sieben";QB;"Terry Fox (Port Coquitlam, BC)";BC;"6-4 / 203";73;NA;192;2;
"JT Smith Jr";ATH;"William Amos Hough (Cornelius, NC)";NC;"5-9 / 199";86;NA;98;25;
"Anthony Colandrea";QB;"Lakewood (Saint Petersburg, FL)";FL;"6-0 / 175";86;NA;57;148;Virginia
"Seth Davis";RB;"Katy (Katy, TX)";TX;"5-7 / 170";87;NA;44;116;"Mississippi State"
"Malik Elzy";WR;"Simeon (Chicago, IL)";IL;"6-3 / 198";89;NA;44;8;Cincinnati
"Randy Reece";WR;"South Oak Cliff (Dallas, TX)";TX;"5-9 / 175";84;NA;229;234;SMU
"Jaxson Percoats";ATH;"Buhach Colony (Atwater, CA)";CA;"5-11 / 175";81;NA;197;266;
"Tayden Phillips";RB;"Abraham Lincoln (San Jose, CA)";CA;"5-11 / 185";77;NA;165;426;
"Wesley Fair";ATH;"Wichita Collegiate School (Wichita, KS)";KS;"6-2 / 180";87;NA;68;6;"Kansas State"
"Gemari Sands";RB;"St. Thomas Aquinas (Fort Lauderdale, FL)";FL;"5-10 / 190";84;NA;97;226;
"Seamus Gilmartin";TE;"Junipero Serra (San Mateo, CA)";CA;"6-4 / 215";82;NA;85;222;
"Jackson Carver";TE;"The Loomis Chaffee School (Culver, IN)";IN;"6-6 / 220";88;NA;28;3;Miami
"Jacobe Robinson";QB;"Henderson (Henderson, TX)";TX;"6-3.5 / 210";87;NA;28;90;"Boston College"
"Winston Moore";WR;"Mary Institute & St Louis Country Day (Saint Louis, MO)";MO;"5-11 / 180";84;NA;220;31;
"Chris Culliver";WR;"Maiden (Maiden, NC)";NC;"6-3 / 174";87;NA;84;17;"North Carolina"
"Zamir Hall";RB;"Ridgeview (Bakersfield, CA)";CA;"5-8 / 160";75;NA;176;471;
"Mikhi Varady-Brown";ATH;"Notre Dame (Sherman Oaks, CA)";CA;"5-8 / 165";79;NA;239;355;
"Bryson Rodgers";WR;"Wiregrass Ranch (Zephyrhills, FL)";FL;"6-0.5 / 175";90;NA;37;66;"Ohio State"
"Zeke Moore";TE;"Roswell (Roswell, GA)";GA;"6-2 / 240";83;NA;83;147;"Florida Atlantic"
"Ricky Lee";ATH;"Cedar Grove (Ellenwood, GA)";GA;"5-11 / 170";85;NA;144;128;Connecticut
"Luke Jacobs";ATH;"Viewmont (Bountiful, UT)";UT;"6-1 / 175";79;NA;237;38;
"Trey Kukuk";QB;"Capistrano Valley (Mission Viejo, CA)";CA;"6-1 / 180";82;NA;97;230;
"James Rothstein";TE;"Amador Valley (Pleasanton, CA)";CA;"6-6 / 240";81;NA;97;253;
"Richard Young";RB;"Lehigh Senior (Lehigh Acres, FL)";FL;"5-11 / 200";95;37;3;10;Alabama
"Kole Hunsaker";QB;"Lakeside (Nine Mile Falls, WA)";WA;"6-2 / 170";76;NA;180;118;
"Maddox Varella";QB;"Oak Ridge (El Dorado Hills, CA)";CA;"6-1 / 190";78;NA;155;388;
"Datrell Jones";RB;"Catholic Memorial (West Roxbury, MA)";MA;"5-9 / 175";90;NA;21;5;"Boston College"
"Drew Novak";QB;"Western Brown (Mount Orab, OH)";OH;"6-6 / 190";75;NA;188;115;
"Mathias Barnwell";ATH;"Riverbend (Fredericksburg, VA)";VA;"6-6 / 250";89;NA;29;6;"Penn State"
"Grayson Loftis";QB;"Gaffney (Greer, SC)";SC;"6-2 / 205";87;NA;33;8;Duke
"Ezell Jolly";RB;"Ridge Point (Missouri City, TX)";TX;"6-0 / 175";85;NA;71;191;
"Johntay Cook II";WR;"DeSoto (DeSoto, TX)";TX;"6-0 / 175";95;47;8;6;Texas
"CJ Hester";RB;"Wyoming (Cincinnati, OH)";OH;"5-11 / 190";83;NA;105;59;"Western Michigan"
"Benjamin Brahmer";WR;"Pierce (Pierce, NE)";NE;"6-5 / 185";87;NA;85;7;Nebraska
"Jack Carner";RB;"Pioneer (Woodland, CA)";CA;"6-0 / 175";77;NA;171;445;
"Jamari Ford";RB;"Northwestern (Miami, FL)";FL;"5-6 / 164";84;NA;95;221;
"Matthew Klopfenstein";TE;"Horizon (Scottsdale, AZ)";AZ;"6-5 / 226";90;NA;18;9;Baylor
"Grant Gray";WR;"Norco (Norco, CA)";CA;"6-3 / 180";88;NA;64;45;UCLA
"Pierce Walsh";TE;"Benet Academy (Lisle, IL)";IL;"6-4 / 210";85;NA;59;25;Minnesota
"Alex Mota";ATH;"Marion (Marion, IA)";IA;"6-1 / 175";87;NA;64;7;Iowa
"Ryan Staub";QB;"West Ranch (Stevenson Ranch, CA)";CA;"6-1 / 190";85;NA;67;148;Colorado
"Ian Duarte";WR;"Eagle (Eagle, ID)";ID;"5-8 / 170";86;NA;123;4;
"A'Marion Peterson";RB;"Hirschi (Wichita Falls, TX)";TX;"6-0 / 200";90;NA;13;46;USC
"Drayden Dickmann";WR;"Georgetown (Georgetown, TX)";TX;"5-10.5 / 169";86;NA;164;189;Rice
"Hayden John";ATH;"Anacortes (Anacortes, WA)";WA;"6-2 / 190";78;NA;246;56;Idaho
"Tremel Miles";ATH;"Inderkum (Sacramento, CA)";CA;"6-5 / 210";85;NA;115;130;
"Luke Talich";ATH;"Cody (Cody, WY)";WY;"6-3 / 185";82;NA;187;1;
"Kamron Taylor";RB;"Jurupa Hills (Fontana, CA)";CA;"5-10 / 170";88;NA;34;57;
"DeSean Bishop";RB;"Karns (Knoxville, TN)";TN;"5-10 / 194";84;NA;92;45;"Coastal Carolina"
"Kenneth Kelly";ATH;"Lincoln (Tallahassee, FL)";FL;"6-1 / 199";85;NA;145;200;
"Jalen Woods";QB;"Woodward Academy (Atlanta, GA)";GA;"6-3 / 200";82;NA;103;153;
"Mateaki Helu";ATH;"Tooele (Tooele, UT)";UT;"6-0 / 200";86;NA;94;9;Utah
"Brennan Parachek";TE;"Dexter (Dexter, MI)";MI;"6-6 / 235";89;NA;22;8;"Michigan State"
"Nygel Osborne";RB;"Los Alamitos (Los Alamitos, CA)";CA;"5-11 / 190";86;NA;53;113;
"Marcel Reed";QB;"Montgomery Bell Academy (Nashville, TN)";TN;"6-1 / 175";90;NA;22;9;"Ole Miss"
"Eli Holstein";QB;"Zachary (Zachary, LA)";LA;"6-4 / 222";93;103;10;5;Alabama
"Parker Awad";QB;"Edison (Huntington Beach, CA)";CA;"6-1 / 185";80;NA;137;325;
"Ja'Kobi Lane";WR;"Red Mountain (Mesa, AZ)";AZ;"6-4 / 175";90;NA;30;7;USC
"Jaron Tibbs";WR;"Cathedral (Indianapolis, IN)";IN;"6-4 / 190";85;NA;182;16;Purdue
"Daisjaun Mercer";ATH;"Hopkinsville (Hopkinsville, KY)";KY;"6-0 / 185";79;NA;234;17;"Miami (OH)"
"Tybo Rogers";RB;"Bakersfield (Bakersfield, CA)";CA;"5-11 / 180";88;NA;35;61;Washington
"Joshua Goines";TE;"Reedy (Frisco, TX)";TX;"6-3 / 225";81;NA;93;252;Tulane
"Steve Hall";RB;"Mary Institute & St Louis Country Day (Saint Louis, MO)";MO;"5-10 / 200";79;NA;146;44;
"Miles Thompson";ATH;"George Washington (Sioux Falls, SD)";SD;"6-0 / 165";82;NA;188;23;"Northern Illinois"
"Sincere Rodriguez";RB;"Stranahan (Fort Lauderdale, FL)";FL;"5-11 / 200";82;NA;121;264;
"Chris Palfreeman";WR;"All Saints Episcopal (Fort Worth, TX)";TX;"5-8 / 155";86;NA;122;148;"Texas Tech"
"Aiden Valdez";TE;"Bishop Amat (La Puente, CA)";CA;"6-5 / 220";80;NA;104;343;
"Luke Duncan";QB;"Miramonte (Orinda, CA)";CA;"6-5 / 195";88;NA;26;52;UCLA
"Micah Tease";ATH;"Booker T. Washington (Tulsa, OK)";OK;"5-11 / 180";93;119;9;2;Arkansas
"Benjamin Hall";RB;"North Cobb (Kennesaw, GA)";GA;"5-10 / 225";86;NA;62;93;Michigan
"Seth Fao";ATH;"Phineas Banning Senior (Wilmington, CA)";CA;"6-3 / 230";85;NA;143;152;
"Bryson Waterman";ATH;"Bakersfield Christian (Bakersfield, CA)";CA;"6-1 / 180";81;NA;198;270;
"Naseri Danielson";ATH;"St. Mary's (Stockton, CA)";CA;"6-2 / 195";85;NA;125;142;
"Dane Reed";ATH;"Inglewood (Inglewood, CA)";CA;"5-8 / 170";85;NA;119;136;Campbell
"Kahlil Tate";ATH;"Kenwood Academy (Chicago, IL)";IL;"6-2 / 185";87;NA;72;12;Iowa
"Sesi Vailahi";RB;"West (Salt Lake City, UT)";UT;"5-11 / 190";83;NA;103;22;
"Orel Gray";ATH;"University Christian (Jacksonville, FL)";FL;"5-11 / 185";84;NA;148;213;
"Marco Lainez III";QB;"Hun School (Skillman, NJ)";NJ;"6-2.5 / 225";88;NA;24;8;Iowa
"Tralon Mitchell";ATH;"Southern Nash (Bailey, NC)";NC;"6-2 / 185";86;NA;104;27;"Virginia Tech"
"Robert Lockhart III";WR;"Langston Hughes (Fairburn, GA)";GA;"5-7 / 175";90;NA;41;34;"Jackson State"
"Trae Walker";ATH;"Crisp County (Cordele, GA)";GA;"6-1 / 162";84;NA;164;141;"Middle Tennessee State"
"Ashton Lloyd";TE;"Blue Earth Area Senior (Blue Earth, MN)";MN;"6-4 / 240";78;NA;112;22;
"Josh Palmer";TE;"Autauga Academy (Prattville, AL)";AL;"6-5 / 215";85;NA;55;39;
"Kyle Parker";WR;"Lovejoy (Lucas, TX)";TX;"5-10 / 175";88;NA;55;67;LSU
"Dijon Stanley";ATH;"Granada Hills (Granada Hills, CA)";CA;"6-1 / 175";89;NA;31;31;Utah
"Kyle Williams";ATH;"Harrisburg (Harrisburg, PA)";PA;"6-0 / 185";80;NA;219;33;Temple
"Aidan Gray";QB;"Naperville North (Naperville, IL)";IL;"6-3 / 200";87;NA;38;10;Northwestern
"Joel Kpassou";ATH;"Solon (Solon, OH)";OH;"5-10 / 167";80;NA;215;81;"Ball State"
"Lincoln Kienholz";QB;"T.F. Riggs (Pierre, SD)";SD;"6-3 / 185";86;NA;45;1;Washington
"Nyckoles Harbor";ATH;"Archbishop Carroll (Washington, DC)";DC;"6-5 / 225";98;9;1;1;
"Tiger Bachmeier";WR;"Murrieta Valley (Murrieta, CA)";CA;"6-1 / 180";90;NA;38;26;Stanford
"Deago Benson";RB;"Midlothian (Midlothian, TX)";TX;"6-0 / 200";86;NA;65;173;"Washington State"
"Xavier Terrell";RB;"St. Thomas Aquinas (Fort Lauderdale, FL)";FL;"5-8 / 175";85;NA;77;161;"Florida Atlantic"
"Brock Thomas";QB;"Sheldon (Eugene, OR)";OR;"6-0 / 165";83;NA;83;9;
"Heston Miller";ATH;"West Plains (West Plains, MO)";MO;"6-0.5 / 200";84;NA;151;32;"Missouri State"
"LJ Martin";RB;"Canutillo (El Paso, TX)";TX;"6-1 / 207";88;NA;26;75;Stanford
"Chris Gee";ATH;"Paschal (Fort Worth, TX)";TX;"5-11 / 195";88;NA;47;85;
"Franklyn Johnson";ATH;"Little Elm (Little Elm, TX)";TX;"6-0 / 175";86;NA;90;155;"Boise State"
"Jacob Cruz";ATH;"North Cobb Christian School (Kennesaw, GA)";GA;"6-5 / 225";86;NA;113;102;"Georgia Tech"
"Ryan Manning";WR;"St. Frances Academy (Baltimore, MD)";MD;"5-11 / 170";85;NA;186;22;Maryland
"Robert Jones III";QB;"Oswego East (Oswego, IL)";IL;"6-2 / 175";78;NA;156;77;Navy
"Lontrell Turner";WR;"Duncanville (Duncanville, TX)";TX;"5-11 / 180";86;NA;149;175;
"Judge Collier";ATH;"Legion Collegiate Academy (Rock Hill, SC)";SC;"6-1 / 185";86;NA;107;18;"South Carolina"
"Bryce Harrison";TE;"Apopka (Apopka, FL)";FL;"6-3 / 225";79;NA;109;292;"Northern Illinois"
"Jaden Greathouse";WR;"Westlake (Austin, TX)";TX;"6-2 / 215";90;238;26;43;"Notre Dame"
"Giovanni Lopez";QB;"James Clemens (Madison, AL)";AL;"6-1 / 210";84;NA;80;55;"South Alabama"
"Zackary Drawdy";WR;"Yulee (Yulee, FL)";FL;"6-2.5 / 180";85;NA;191;173;Connecticut
"Luke Gall";RB;"Carthage (Carthage, MO)";MO;"5-11 / 200";80;NA;141;40;"Air Force"
"Khamari Anderson";TE;"Cass Technical (Detroit, MI)";MI;"6-4 / 225";89;NA;21;5;Cincinnati
"Joshua Robinson";RB;"Bolingbrook (Bolingbrook, IL)";IL;"6-2 / 210";83;NA;110;38;
"Edward Robinson";RB;"Maple Heights (Maple Heights, OH)";OH;"5-11 / 190";84;NA;98;50;
"Aidan Mizell";WR;"Boone (Orlando, FL)";FL;"6-2 / 180";92;148;16;30;Florida
"Ethan Hamby";QB;"Dakota (Macomb, MI)";MI;"6-2 / 205";75;NA;189;75;
"Jordan Louie";RB;"Meadowcreek (Norcross, GA)";GA;"5-11 / 205";86;NA;67;97;"West Virginia"
"Jason Duclona";ATH;"Estero (Estero, FL)";FL;"6-1 / 175";86;NA;95;125;Rutgers
"Ethan Crawford";QB;"Hillcrest (Tuscaloosa, AL)";AL;"6-0 / 195";82;NA;99;59;"Southern Miss"
"Blake Baker";QB;"Clackamas (Clackamas, OR)";OR;"6-0 / 170";75;NA;183;57;
"Ahmad Haston";QB;"Palm Beach Central (West Palm Beach, FL)";FL;"6-2.5 / 190";82;NA;98;259;Massachusetts
"Gabarri Johnson";QB;"Lincoln (Tacoma, WA)";WA;"6-0 / 200";90;NA;18;5;Missouri
"Adam Moore";TE;"Northwestern (Miami, FL)";FL;"6-2 / 220";85;NA;64;168;
"Joey Schlaffer";TE;"Exeter Township (Reading, PA)";PA;"6-6 / 215";86;NA;45;18;"Penn State"
"Kai Hall";RB;"St Vincent De Paul (Petaluma, CA)";CA;"5-8 / 180";80;NA;135;290;
"Traâquan Johnson";ATH;"Gibbs (Saint Petersburg, FL)";FL;"6-0 / 195";85;NA;138;192;"Tennessee Tech"
"Miles Hall";ATH;"Skyline (Salt Lake City, UT)";UT;"6-2 / 195";86;NA;112;13;BYU
"Breeon Ishmail";ATH;"Hamilton (Hamilton, OH)";OH;"6-5 / 200";83;NA;170;62;
"Suntarine Perkins";ATH;"Raleigh (Raleigh, MS)";MS;"6-3 / 200";94;77;5;1;"Ole Miss"
"Anthony Albanez";ATH;"St. Bonaventure (Ventura, CA)";CA;"6-0 / 195";80;NA;211;321;Campbell
"Jayden Whitaker";QB;"Brownsburg (Brownsburg, IN)";IN;"6-2 / 170";79;NA;145;31;"Western Illinois"
"Mason McHugh";QB;"IMG Academy (Bradenton, FL)";FL;"6-3 / 194";80;NA;119;287;"Appalachian State"
"Anthony Alonzo";ATH;"Oakland Technical (Oakland, CA)";CA;"5-11 / 180";80;NA;217;336;
"Omaree Walker";WR;"Don Bosco Prep (Ramsey, NJ)";NJ;"5-10 / 170";84;NA;213;29;Campbell
"Ryan Browne";QB;"Milford Academy (New Berlin, NY)";NY;"6-5 / 207";82;NA;102;11;
"Gavin Hunter";ATH;"Mililani (Mililani, HI)";HI;"6-2 / 190";87;NA;75;6;Arizona
"Marcus Higgs";RB;"Warren (Downey, CA)";CA;"5-11 / 220";83;NA;114;213;
"Dante Dowdell";RB;"Picayune Memorial (Picayune, MS)";MS;"6-1.5 / 210";88;NA;28;6;Oregon
"Owen Colpaert";ATH;"Dakota (Macomb, MI)";MI;"6-4 / 210";79;NA;231;47;
"Ty Perkins";WR;"Ironton (Ironton, OH)";OH;"6-3 / 190";87;NA;93;24;Cincinnati
"Jake Strong";QB;"Northwest (Justin, TX)";TX;"6-2 / 200";86;NA;43;132;"Texas Tech"
"Ike Daniels";RB;"Mountain View (Stafford, VA)";VA;"5-10 / 185";86;NA;50;23;Syracuse
"Caleb McMickle";QB;"Fellowship Christian School (Roswell, GA)";GA;"6-1 / 190";85;NA;59;107;Houston
"Colin Houck";QB;"Parkview (Lilburn, GA)";GA;"6-2 / 175";84;NA;72;133;
"Keenan Tarbet";ATH;"Loyola (Los Angeles, CA)";CA;"6-4 / 205";79;NA;233;352;
"Amaris Shaw";ATH;"Winter Park (Winter Park, FL)";FL;"6-0 / 170";88;NA;42;84;
"Carson Rhodes";TE;"Nevada (Nevada, IA)";IA;"6-7 / 245";85;NA;62;14;"Iowa State"
"King Miller";RB;"Calabasas (Calabasas, CA)";CA;"6-0 / 200";84;NA;96;184;
"Robert Luckas";WR;"Glades Central (Belle Glade, FL)";FL;"6-3 / 210";85;NA;189;170;
"Paul Davis";WR;"Hart County (Hartwell, GA)";GA;"6-1 / 188";90;NA;39;32;
"Brandon High";RB;"Grand Oaks (Spring, TX)";TX;"5-10 / 205";88;NA;29;82;UTSA
"Robbie Mascheroni";WR;"Campolindo (Moraga, CA)";CA;"6-4 / 190";84;NA;216;164;
"Vance Bolyard";TE;"Northern Guilford (Greensboro, NC)";NC;"6-5 / 230";85;NA;58;32;Duke
"Jamari Haynes";WR;"Plantation (Fort Lauderdale, FL)";FL;"5-9 / 160";83;NA;240;234;
"Jordan Onovughe";WR;"Mater Dei (Santa Ana, CA)";CA;"6-2 / 190";84;NA;236;188;
"Julian Thomas";RB;"Cascade (Everett, WA)";WA;"5-6 / 175";72;NA;180;140;
"Javorian Wimberly";WR;"Palm Beach Central (West Palm Beach, FL)";FL;"6-0 / 180";85;NA;188;169;"Central Michigan"
"Isaiah Jones";ATH;"Brookfield (Brookfield, OH)";OH;"6-4 / 187";78;NA;244;100;
"Mikey Matthews";WR;"Mission Viejo (Mission Viejo, CA)";CA;"5-10 / 185";88;NA;65;46;
"Jake Davies";TE;"Yorkville (Yorkville, IL)";IL;"6-6 / 237";78;NA;121;75;
"Ejani Shakir";WR;"Winslow Twp (Atco, NJ)";NJ;"6-0 / 175";90;NA;32;4;"Penn State"
"Will Monney";TE;"Springville (Springville, UT)";UT;"6-4 / 205";79;NA;110;36;
"Noah Rogers";WR;"Rolesville (Rolesville, NC)";NC;"6-2 / 195";95;42;7;1;"Ohio State"
"Ja'Braxton Boone";WR;"Ridgeland (Ridgeland, MS)";MS;"6-1 / 195";85;NA;199;27;
"William Fowles";WR;"Dade Christian School (Hialeah, FL)";FL;"6-2 / 195";87;NA;78;90;Louisville
"Tad Hudson";QB;"William Amos Hough (Cornelius, NC)";NC;"6-3 / 220";90;NA;21;12;"North Carolina"
"Sawyer Deerman";RB;"American Christian Academy (Tuscaloosa, AL)";AL;"5-10 / 175";82;NA;117;60;
"Nolan Delong";ATH;"Durant (Durant, IA)";IA;"6-1 / 198";82;NA;181;20;
"Rasheem Biles";ATH;"Pickerington Central (Pickerington, OH)";OH;"6-2 / 180";86;NA;97;31;Pittsburgh
"Kainoa Carvalho";WR;"Kahuku (Kahuku, HI)";HI;"5-7 / 165";87;NA;96;7;Utah
"Grant Larkin";ATH;"Neuqua Valley (Naperville, IL)";IL;"6-0 / 180";80;NA;206;48;"North Dakota State"
"Dallas Winner-Johnson";TE;"Cardinal Ritter College Prep (Saint Louis, MO)";MO;"6-4 / 200";78;NA;113;48;
"Mason Mini";TE;"Terra Nova (Pacifica, CA)";CA;"6-4 / 210";76;NA;129;466;Idaho
"Jordan Jackson";ATH;"Fairfield (Fairfield, OH)";OH;"5-11 / 175";87;NA;56;16;"West Virginia"
"Deshaun Buchanan";ATH;"Basha (Chandler, AZ)";AZ;"5-11 / 200";84;NA;149;23;Idaho
"James Minor";RB;"Winton Woods (Cincinnati, OH)";OH;"5-10 / 200";76;NA;173;112;
"Tyson Cooreman";ATH;"Randolph Secondary (Randolph, MN)";MN;"6-4 / 210";78;NA;242;21;"Northern Iowa"
"Fin Jones";TE;"Venice (Venice, FL)";FL;"6-5 / 230";82;NA;90;269;"Florida Atlantic"
"Jaylen Gardner";WR;"TMI Episcopal (San Antonio, TX)";TX;"6-0 / 190";86;NA;119;135;UTSA
"Brennan Storer";QB;"Highland Park (Dallas, TX)";TX;"5-11 / 190";83;NA;86;241;"Western Michigan"
"Luke Leighton";ATH;"Sheldon (Eugene, OR)";OR;"6-5 / 190";81;NA;203;15;
"Isaiah Augustave";RB;"Naples (Naples, FL)";FL;"6-2 / 195";92;190;5;44;Arkansas
"Ricky Ahumaraeze";WR;"Liberty (Liberty, MO)";MO;"6-4 / 195";87;NA;90;20;Northwestern
"Landen Chambers";RB;"Fossil Ridge (Keller, TX)";TX;"5-11 / 210";83;NA;106;244;BYU
"Brayden Holmes";ATH;"Milton (Alpharetta, GA)";GA;"6-2 / 180";85;NA;116;106;
"Manny Covey";RB;"Bradford (Starke, FL)";FL;"5-11 / 175";87;NA;47;111;Cincinnati
"Deondre Johnson";ATH;"Newburgh Free Academy (Newburgh, NY)";NY;"6-8 / 200";86;NA;105;5;Rutgers
"Luke Hasz";TE;"Bixby (Bixby, OK)";OK;"6-3 / 245";92;158;12;4;Arkansas
"Quran Boyd";ATH;"Kempsville (Virginia Beach, VA)";VA;"5-10 / 185";85;NA;126;36;Duke
"Kenyon Sadiq";ATH;"Skyline Senior (Idaho Falls, ID)";ID;"6-3 / 220";92;149;11;1;Oregon
"Cavin Ross";QB;"Lompoc (Lompoc, CA)";CA;"6-1 / 193";78;NA;158;408;
"Wesley Watson";WR;"A&M Consolidated (College Station, TX)";TX;"6-2 / 185";84;NA;211;229;Colorado
"C.J. Jacobsen";TE;"Rocky Mountain (Meridian, ID)";ID;"6-5 / 230";87;NA;40;2;
"Max Bateman";ATH;"Lone Peak (American Fork, UT)";UT;"6-3 / 215";80;NA;205;34;
"Isaiah Hardge";WR;"St. Thomas Aquinas (Fort Lauderdale, FL)";FL;"5-10 / 160";86;NA;152;139;Colorado
"Kaden Feagin";ATH;"Arthur Sr (Arthur, IL)";IL;"6-3 / 221";89;NA;30;6;Illinois
"Bryson Harrison";QB;"Lassiter (Marietta, GA)";GA;"6-1 / 195";82;NA;109;159;"Georgia State"
"DJ Oliver";RB;"Port St. Joe (Port Saint Joe, FL)";FL;"6-0 / 237";85;NA;82;182;USF
"Frank Covey";ATH;"Prospect (Mount Prospect, IL)";IL;"6-2 / 185";87;NA;73;14;Northwestern
"Gavin Shaigineik";QB;"Tesoro (Rancho Santa Margarita, CA)";CA;"6-1 / 160";80;NA;126;301;
"Javieon Butler";WR;"Scott Central (Forest, MS)";MS;"6-5 / 194";85;NA;195;25;"Southern Miss"
"Jaden Rashada";QB;"Pittsburg (Pittsburg, CA)";CA;"6-4 / 185";97;17;6;5;Miami
"Cordale Russell";WR;"North Mesquite (Mesquite, TX)";TX;"6-2 / 200";90;NA;33;53;TCU
"Will Randle";TE;"Isidore Newman (New Orleans, LA)";LA;"6-3 / 220";85;NA;66;41;Texas
"Aaron Gates";ATH;"Trinity Christian School (Sharpsburg, GA)";GA;"6-0 / 180";88;NA;40;45;Florida
"Bryson Vowell";WR;"Anderson County (Clinton, TN)";TN;"6-4 / 185";86;NA;154;33;
"Anthony White";ATH;"Abernathy (Abernathy, TX)";TX;"6-0 / 180";88;NA;46;83;
"Riley Paran";RB;"Bellarmine Prep (San Jose, CA)";CA;"5-10 / 185";74;NA;178;481;
"Zack Myers";ATH;"Christ School (Arden, NC)";NC;"6-1 / 190";90;NA;22;9;"NC State"
"Niko Lopez";WR;"Santa Margarita Catholic (Rancho Santa Margarita, CA)";CA;"6-3 / 210";86;NA;128;117;"Colorado State"
"Henry Garrity";TE;"Brother Rice (Bloomfield Hills, MI)";MI;"6-4 / 205";83;NA;79;25;
"Jeremiah McClure";WR;"Mater Dei Catholic (Chula Vista, CA)";CA;"6-2 / 195";88;NA;66;47;
"Levontai Summersett";ATH;"North Fort Myers (North Fort Myers, FL)";FL;"5-10 / 192";83;NA;173;242;"Florida A&M"
"Jeremiah Collins";ATH;"Oakland (Murfreesboro, TN)";TN;"6-2 / 160";89;NA;37;11;
"Matthew Fredrick";TE;"East (Salt Lake City, UT)";UT;"6-5 / 230";86;NA;51;14;BYU
"Braeden Wisloski";ATH;"Southern Columbia Area HS (Catawissa, PA)";PA;"5-11 / 185";87;NA;80;15;Maryland
"Caleb Loveland";QB;"Burley Senior (Burley, ID)";ID;"6-2 / 190";75;NA;191;55;
"Lonnie Adkism";WR;"Miller (Corpus Christi, TX)";TX;"6-0 / 180";84;NA;206;228;"Sam Houston"
"Davoun Fuse";ATH;"Washington (Washington, PA)";PA;"6-4 / 190";85;NA;127;21;Rutgers
"Blake Boda";QB;"Cocoa (Cocoa, FL)";FL;"6-3 / 173";77;NA;167;301;
"Rico Watkins";WR;"James Rickards (Tallahassee, FL)";FL;"5-11 / 160";86;NA;139;130;Massachusetts
"Julien Randolph";TE;"Independence (Ashburn, VA)";VA;"6-5 / 210";87;NA;38;18;"North Carolina"
"Demitrius Bell";ATH;"McGavock (Nashville, TN)";TN;"6-1 / 175";88;NA;52;19;
"Christopher Arviso II";QB;"Mountain Pointe (Phoenix, AZ)";AZ;"6-1 / 175";79;NA;143;47;
"Dylan Wittke";QB;"Buford (Buford, GA)";GA;"6-1 / 192";84;NA;77;135;"Virginia Tech"
"Jacobe Johnson";ATH;"Mustang (Mustang, OK)";OK;"6-3 / 183";93;126;10;3;Oklahoma
"Dempsy James";QB;"Spanaway Lake (Spanaway, WA)";WA;"6-1 / 185";80;NA;118;53;
"Jakivion Calip";RB;"Olentangy Orange (Columbus, OH)";OH;"5-11 / 181";83;NA;104;56;"Central Michigan"
"Daniel Blood";WR;"Destrehan (Destrehan, LA)";LA;"6-0 / 175";84;NA;202;43;Louisiana
"Dontavius Braswell";RB;"Washington County (Sandersville, GA)";GA;"5-11 / 200";91;210;7;21;"South Carolina"
"Hogan Carmichael";QB;"Summit (Bend, OR)";OR;"6-5 / 185";77;NA;162;33;
"Indiana Wijay";QB;"Pasadena (Pasadena, CA)";CA;"6-4 / 200";82;NA;104;241;
"Montrel Hatten";WR;"Carthage (Carthage, TX)";TX;"6-0 / 175";88;NA;62;73;"Oregon State"
"Markus Dixon";TE;"Archbishop Wood (Warminster, PA)";PA;"6-4 / 230";87;NA;31;12;Clemson
"Jeremiyah Love";ATH;"Christian Brothers College (Saint Louis, MO)";MO;"6-0 / 190";94;87;7;4;
"Micah Gifford";WR;"Weiss (Pflugerville, TX)";TX;"6-2 / 185";88;NA;57;69;Baylor
"Jaidyn Doss";WR;"Raymore-Peculiar (Peculiar, MO)";MO;"6-0 / 195";89;NA;47;12;Nebraska
"Saimone Davis";TE;"Colleyville Heritage (Colleyville, TX)";TX;"6-5 / 220";86;NA;44;147;BYU
"Christopher Williams";ATH;"Francis Parker School (San Diego, CA)";CA;"5-10 / 170";86;NA;85;110;
"Ryan Bullard";RB;"Killian (Miami, FL)";FL;"5-9 / 175";82;NA;119;261;
"Malik Leverett";WR;"Greenbrier (Evans, GA)";GA;"6-3 / 200";89;NA;45;36;"East Carolina"
"Hawkins Polley";TE;"Stratford (Houston, TX)";TX;"6-4 / 245";86;NA;43;142;Baylor
"Tory Johnson Jr.";WR;"Oscar Smith (Chesapeake, VA)";VA;"6-4 / 210";86;NA;131;28;"West Virginia"
"Logan Blake";TE;"Hun School (Princeton, NJ)";NJ;"6-6 / 215";86;NA;47;16;Rutgers
"Kai Honda";RB;"Junipero Serra (Gardena, CA)";CA;"5-11 / 185";82;NA;124;244;
"Gabe Hoffmann";TE;"Eastside Catholic (Sammamish, WA)";WA;"6-6 / 245";83;NA;80;29;
"Joshua Manning";WR;"Lee's Summit (Lees Summit, MO)";MO;"6-3 / 190";90;NA;29;7;Missouri
"Tyler Bourland";TE;"Valley Christian (San Jose, CA)";CA;"6-5 / 230";81;NA;96;252;
"Tripp Riordan";TE;"Wakeland (Frisco, TX)";TX;"6-4.5 / 245";86;NA;41;133;SMU
"Devon Dampier";QB;"Saguaro (Scottsdale, AZ)";AZ;"6-0 / 190";84;NA;73;24;
"Tyler Williams";WR;"Lakeland (Lakeland, FL)";FL;"6-3 / 180";92;182;20;40;
"Nicholas Deloach";WR;"Cahokia (East Saint Louis, IL)";IL;"6-2 / 175";86;NA;160;23;Missouri
"Dylan Rizk";QB;"Cardinal Gibbons (Fort Lauderdale, FL)";FL;"6-2 / 210";84;NA;81;222;UCF
"Ryder Burton";QB;"Springville (Springville, UT)";UT;"6-2 / 180";85;NA;63;17;BYU
"Khalil Barnes";ATH;"North Oconee (Bogart, GA)";GA;"6-1 / 185";86;NA;99;88;"Wake Forest"
"Peyton Jones";RB;"Maury (Norfolk, VA)";VA;"5-11 / 180";86;NA;60;29;Duke
"Zaccheus Cooper";RB;"Saguaro (Scottsdale, AZ)";AZ;"5-10 / 190";79;NA;148;46;
"Tucker Ashcraft";TE;"O'Dea (Seattle, WA)";WA;"6-5 / 235";85;NA;57;20;Colorado
"Masen Uribe";RB;"Eastside Catholic (Sammamish, WA)";WA;"5-10 / 182";75;NA;175;128;
"Jaylen Johnson";RB;"Appling County (Baxley, GA)";GA;"5-9 / 190";85;NA;80;116;
"Jakob Dixon";WR;"Pleasure Ridge Park (Louisville, KY)";KY;"6-4 / 197";86;NA;163;10;Kentucky
"Christian Johnson";QB;"River Rouge (River Rouge, MI)";MI;"6-2 / 210";77;NA;168;66;"Grand Valley State"
"Josh Phifer";TE;"Starrs Mill (Fayetteville, GA)";GA;"6-5 / 225";84;NA;77;142;Liberty
"Jordan Harris";RB;"Alcoa (Alcoa, TN)";TN;"5-10 / 170";85;NA;81;38;
"Anquan Willis";ATH;"Rider (Wichita Falls, TX)";TX;"6-0 / 220";90;235;18;42;"Texas Tech"
"Ryne Shackelford";WR;"Keystone (Lagrange, OH)";OH;"6-0 / 175";87;NA;86;21;Purdue
"Dylan Wade";TE;"Jones (Orlando, FL)";FL;"6-4 / 240";88;NA;30;88;Maryland
"Joey Wassler";TE;"St. Xavier (Cincinnati, OH)";OH;"6-5 / 225";82;NA;86;65;
"Jalen Kennedy";RB;"Pleasant Grove (Elk Grove, CA)";CA;"5-10 / 150";77;NA;164;413;
"Jaylen Abston";QB;"Lebanon (Lebanon, TN)";TN;"6-3 / 180";83;NA;92;57;
"Jaden Mikhael";TE;"Niceville (Niceville, FL)";FL;"6-4 / 231";82;NA;88;267;
"Makhail Wood";WR;"Mill Creek (Hoschton, GA)";GA;"5-10.5 / 150";83;NA;245;144;"Eastern Michigan"
"Taron Dickens";QB;"Northwestern (Miami, FL)";FL;"5-11 / 175";82;NA;100;260;
"Kooper Ebel";ATH;"Hartley-Melvin-Sanborn (Hartley, IA)";IA;"6-3 / 200";86;NA;111;12;"Iowa State"
"Cole Taylor";QB;"C M Russell (Great Falls, MT)";MT;"6-3 / 205";78;NA;157;8;
"Duce Robinson";TE;"Pinnacle (Phoenix, AZ)";AZ;"6-6 / 225";96;29;1;1;
"Leon Griffin III";ATH;"Bayside (Virginia Beach, VA)";VA;"5-11 / 185";84;NA;162;42;Duke
"Mikal Harrison-Pilot";ATH;"Temple (Temple, TX)";TX;"6-0 / 190";92;167;14;31;
"Will Stallings";RB;"Clayton Valley (Concord, CA)";CA;"6-0 / 222";85;NA;79;141;Tennessee
"Sam West";TE;"Greensburg Community (Greensburg, IN)";IN;"6-5 / 205";87;NA;35;10;Indiana
"Evan Pierce";QB;"Tesoro (Rancho Santa Margarita, CA)";CA;"6-1 / 195";78;NA;150;359;
"Jacob Page";WR;"Blackman (Murfreesboro, TN)";TN;"6-2.5 / 176";87;NA;88;22;
"Sergio Snider";RB;"Martin (Arlington, TX)";TX;"5-10 / 185";85;NA;85;218;
"Keith Reynolds";WR;"Adelanto (Adelanto, CA)";CA;"5-10 / 160";84;NA;227;174;Washington
"Graham Smith";ATH;"Lyons Township (La Grange, IL)";IL;"6-5 / 210";80;NA;214;54;Yale
"Donielle Hayes";WR;"Pine Forest (Pensacola, FL)";FL;"6-0 / 180";86;NA;146;132;Minnesota
"Traylon Ray";WR;"North Florida Christian (Tallahassee, FL)";FL;"6-2 / 180";88;NA;71;86;
"Payton Faker";QB;"Kennedy Catholic (Tacoma, WA)";WA;"6-2 / 195";75;NA;184;124;
"Sam Leavitt";QB;"West Linn (West Linn, OR)";OR;"6-1 / 185";86;NA;47;2;"Washington State"
"Nate White";RB;"King (Milwaukee, WI)";WI;"6-0 / 175";87;NA;46;1;Wisconsin
"Donald Stephens";RB;"Grant (Portland, OR)";OR;"6-0 / 200";78;NA;155;31;
"Aidan Chiles";QB;"Downey (Downey, CA)";CA;"6-4 / 195";88;NA;27;53;"Oregon State"
"Jabari Mitchell";ATH;"Reynoldsburg (Reynoldsburg, OH)";OH;"6-3 / 206";81;NA;191;70;"Kent State"
"Braylon James";WR;"Stony Point (Round Rock, TX)";TX;"6-2 / 185";93;96;14;18;"Notre Dame"
"Ethan O'Connor";ATH;"Los Alamitos (Los Alamitos, CA)";CA;"6-1 / 170";88;NA;41;54;
"Quentin Thomas";WR;"Eagles Landing (McDonough, GA)";GA;"6-0 / 200";85;NA;174;113;Liberty
"Tyson Edwards";ATH;"Overton (Nashville, TN)";TN;"6-2 / 175";84;NA;157;49;Memphis
"Nathaniel Joseph";WR;"Edison (Miami, FL)";FL;"5-8 / 170";93;110;15;23;Miami
"Adam Damante";QB;"American Leadership Academy Gilbert North (Gilbert, AZ)";AZ;"6-2 / 180";79;NA;141;45;"Northern Arizona"
"Dylan Edwards";RB;"Derby (Derby, KS)";KS;"5-9 / 165";90;NA;16;3;"Notre Dame"
"TyLyric Coleman";ATH;"Dan River (Ringgold, VA)";VA;"6-3 / 175";85;NA;134;40;Virginia
"Dash Dorsey";ATH;"St. Francis (Wheaton, IL)";IL;"5-11 / 175";80;NA;212;52;
"Roy Hull";RB;"Eagle (Eagle, ID)";ID;"6-1 / 195";77;NA;161;32;
"Jordan Gile";QB;"Chattanooga Christian School (Chattanooga, TN)";TN;"6-0 / 190";80;NA;130;66;
"Dante Kelly";ATH;"Leflore County (Itta Bena, MS)";MS;"6-3 / 203";84;NA;153;30;"Mississippi State"
"Kade McIntyre";ATH;"Archbishop Bergan (Fremont, NE)";NE;"6-4 / 205";88;NA;44;3;Oklahoma
"Jeremiah Alston";ATH;"Redford Union (Redford, MI)";MI;"6-2 / 190";82;NA;186;32;"Central Michigan"
"Keenan Kuntz";ATH;"Mead (Spokane, WA)";WA;"6-1 / 180";81;NA;201;43;
"Darius Cowens";QB;"Warren (Downey, CA)";CA;"6-0 / 170";86;NA;48;99;
"Terrell Washington Jr.";RB;"Wylie East (Wylie, TX)";TX;"5-9.5 / 200";86;NA;66;174;Purdue
"Ryan Niblett";WR;"Aldine Eisenhower (Houston, TX)";TX;"5-10 / 170";95;57;10;8;Texas
"Carlos Wilson";ATH;"Inderkum (Sacramento, CA)";CA;"5-11 / 160";90;NA;24;23;Utah
"William Watson III";QB;"Springfield Central (Springfield, MA)";MA;"6-0 / 175";86;NA;56;9;Nebraska
"Devin Roche";RB;"Dunbar (Baltimore, MD)";MD;"5-9 / 177";84;NA;91;28;
"Vincent Holmes";ATH;"San Jacinto (San Jacinto, CA)";CA;"6-0 / 180";90;NA;21;20;Washington
"Christopher Vizzina";QB;"Briarwood Christian (Birmingham, AL)";AL;"6-4 / 207";95;38;7;4;Clemson
"Jarred Sample";WR;"Cy Ranch (Cypress, TX)";TX;"5-10 / 170";86;NA;117;126;Kansas
"Brandon Johnson";RB;"Highland (Palmdale, CA)";CA;"5-9 / 185";85;NA;86;147;Arizona
"Ty Stamey";TE;"Klein Collins (Spring, TX)";TX;"6-5 / 240";82;NA;89;251;Louisiana
"Art Williams";ATH;"Rocky Mountain (Meridian, ID)";ID;"6-0 / 195";82;NA;184;10;Idaho
"Dorian Thomas";TE;"Kentridge (Kent, WA)";WA;"6-4 / 220";88;NA;24;9;"Oregon State"
"Collins Acheampong";ATH;"Santa Margarita Catholic (Rancho Santa Margarita, CA)";CA;"6-7 / 254";90;NA;20;19;Michigan
"Teremun Lott";ATH;"Inlet Grove Community (West Palm Beach, FL)";FL;"6-0 / 170";85;NA;136;187;Illinois
"Andre McCullough";RB;"San Marcos Senior (Santa Barbara, CA)";CA;"6-0 / 185";81;NA;134;285;
"Trey Leckner";ATH;"Glacier Peak (Snohomish, WA)";WA;"6-2 / 215";86;NA;101;15;"Washington State"
"Jaelen Nichols";ATH;"Central Catholic (Modesto, CA)";CA;"5-10 / 190";81;NA;194;261;
"Demarkus Brown";ATH;"Mount Pleasant (Mount Pleasant, TN)";TN;"6-1 / 170";83;NA;169;58;
"Jordan Napier";WR;"Jurupa Hills (Fontana, CA)";CA;"6-2 / 195";84;NA;215;163;"San Diego State"
"JJ Foust";ATH;"Powell (Powell, TN)";TN;"5-11 / 193";82;NA;183;63;
"Ayden Williams";WR;"Ridgeland (Ridgeland, MS)";MS;"6-3 / 195";91;228;24;2;"Ole Miss"
"Abu Sama";ATH;"Southeast Polk (Des Moines, IA)";IA;"5-10 / 180";85;NA;123;16;"Iowa State"
"Arch Manning";QB;"Isidore Newman (New Orleans, LA)";LA;"6-4 / 215";98;1;1;1;Texas
"Joey Neumann";TE;"Antioch Community (Antioch, IL)";IL;"6-4 / 215";78;NA;118;74;"South Dakota State"
"Cedric Hawkins";RB;"Stuttgart (Stuttgart, AR)";AR;"5-8 / 170";78;NA;153;9;"Arkansas State"
"Devin Samples";RB;"Long Beach Poly (Long Beach, CA)";CA;"5-7 / 190";80;NA;136;293;
"Jmaury Davis";ATH;"Clarendon (Clarendon, TX)";TX;"6-2 / 190";87;NA;65;107;"Texas Tech"
"McCae Hillstead";QB;"Skyridge (Lehi, UT)";UT;"5-11 / 175";85;NA;60;15;"Utah State"
"Marquese Williams";RB;"Bishop McDevitt (Harrisburg, PA)";PA;"5-8 / 175";87;NA;43;14;Minnesota
"Zion Fowler";WR;"St. Peters Prep (Jersey City, NJ)";NJ;"6-1 / 185";88;NA;76;9;Pittsburgh
"Deljay Bailey";QB;"Petal (Biloxi, MS)";MS;"6-1 / 200";83;NA;89;33;
"Devin Hyatt";WR;"IMG Academy (Bradenton, FL)";FL;"6-2 / 194";88;NA;53;78;
"Ka'Morreun Pimpton";TE;"North Crowley (Fort Worth, TX)";TX;"6-5 / 210";87;NA;34;106;Vanderbilt
"Reed Harris";ATH;"Great Falls (Great Falls, MT)";MT;"6-4 / 200";87;NA;57;1;"Boston College"
"Jaden Platt";TE;"Eaton (Haslet, TX)";TX;"6-4.5 / 235";94;88;5;16;Stanford
"CJ Adams";WR;"Pebblebrook (Mableton, GA)";GA;"6-2 / 211";87;NA;105;68;"South Carolina"
"Tre Spivey";WR;"Hamilton (Chandler, AZ)";AZ;"6-4 / 185";86;NA;130;13;
"Brandon Hills";WR;"Vista Ridge (Colorado Springs, CO)";CO;"5-8 / 150";84;NA;232;11;"Washington State"
"Kendrick Raphael";RB;"Naples (Naples, FL)";FL;"5-11 / 180";87;NA;38;95;Iowa
"Ki'Marree Washington";RB;"Lakes (Lakewood, WA)";WA;"5-9 / 180";77;NA;169;102;
"Joe Jackson";ATH;"Ridge Community (Davenport, FL)";FL;"5-11 / 185";87;NA;79;107;"Kansas State"
"Evan Tomich";QB;"Mayfair (Lakewood, CA)";CA;"6-2 / 180";87;NA;39;83;
"Kai Remigio";RB;"Mater Dei (Santa Ana, CA)";CA;"5-10 / 185";79;NA;149;348;
"Jaxon Smolik";QB;"Dowling Catholic (West Des Moines, IA)";IA;"6-2 / 200";87;NA;30;6;"Penn State"
"Tegan Sweaney";QB;"Rocky Mountain (Meridian, ID)";ID;"6-3 / 190";77;NA;160;28;
"Christian Davis";RB;"Miamisburg (Miamisburg, OH)";OH;"6-0 / 190";85;NA;75;39;"Ball State"
"Kaleb Black";WR;"Klein Oak (Spring, TX)";TX;"5-9 / 165";83;NA;242;242;Memphis
"Raymond Cottrell";WR;"Milton (Milton, FL)";FL;"6-2 / 203";92;165;19;35;Georgia
"Zachary Card";WR;"Pittsburg (Pittsburg, CA)";CA;"5-10 / 165";87;NA;82;74;"Oregon State"
"Jordan Fisher";RB;"Westview (Portland, OR)";OR;"5-8 / 170";83;NA;102;8;
"Jaren Hamilton";WR;"F. W. Buchholz (Gainesville, FL)";FL;"6-1 / 188";89;NA;49;71;
"Cameron Seldon";ATH;"Northumberland (Heathsville, VA)";VA;"6-1 / 220";96;30;3;2;Tennessee
"Anthony Brown";WR;"Springfield (Springfield, OH)";OH;"5-10 / 170";88;NA;67;13;Kentucky
"Michael Mitchell";RB;"Middleburg (Middleburg, FL)";FL;"6-0 / 195";86;NA;49;116;Utah
"Keldric Luster";QB;"McKinney (McKinney, TX)";TX;"5-10 / 227";83;NA;90;243;SMU
"Ethan Clemons";ATH;"Calabasas (Calabasas, CA)";CA;"6-0 / 180";80;NA;209;302;
"Chance Guadiz";QB;"Rainier Beach (Seattle, WA)";WA;"6-1 / 205";76;NA;173;116;
"Lafayette Kaiuway";TE;"Sam Houston (Arlington, TX)";TX;"6-5 / 245";88;NA;26;71;TCU
"Ryan Henning";RB;"Lincoln (Lincoln, CA)";CA;"5-10 / 185";78;NA;160;390;"Air Force"
